,PLAYER,TEAM,AGE,GP_x,G_x,FREQ_x,FGM_x,FGA_x,FG%_x,EFG%_x,2FG FREQ_x,2FGM_x,2FGA_x,2FG%_x,3FG FREQ_x,3PM_x,3PA_x,3P%_x,GP_y,G_y,FREQ_y,FGM_y,FGA_y,FG%_y,EFG%_y,2FG FREQ_y,2FGM_y,2FGA_y,2FG%_y,3FG FREQ_y,3PM_y,3PA_y,3P%_y,2FG%-mid
0,Zhaire Smith,PHI,19,6,6,100%,14,34,41.2,50.0,52.9%,8,18,44.4,47.1%,6,16,37.5,6,4,38.2%,7,13,53.8,53.8,38.2%,7,13,53.8,0.0%,0,0,-,20.0
1,Zach LaVine,CHI,24,62,62,100%,517,1113,46.5,51.8,71.5%,399,796,50.1,28.5%,118,317,37.2,62,62,51.1%,320,569,56.2,56.2,51.1%,320,569,56.2,0.0%,0,0,-,34.801762114537446
2,Zach Collins,POR,21,77,77,100%,188,396,47.5,52.5,69.4%,148,275,53.8,30.6%,40,121,33.1,77,73,56.6%,136,224,60.7,60.7,56.6%,136,224,60.7,0.0%,0,0,-,23.52941176470588
3,Yuta Watanabe,MEM,24,15,14,100%,15,51,29.4,31.4,68.6%,13,35,37.1,31.4%,2,16,12.5,15,8,31.4%,8,16,50.0,50.0,31.4%,8,16,50.0,0.0%,0,0,-,26.31578947368421
4,Yogi Ferrell,SAC,25,71,69,100%,153,351,43.6,51.3,57.5%,99,202,49.0,42.5%,54,149,36.2,71,53,27.4%,49,96,51.0,51.0,27.4%,49,96,51.0,0.0%,0,0,-,47.16981132075472
5,Wilson Chandler,LAC,31,50,49,100%,113,269,42.0,52.8,42.8%,55,115,47.8,57.2%,58,154,37.7,50,39,29.0%,43,78,55.1,55.1,29.0%,43,78,55.1,0.0%,0,0,-,32.432432432432435
6,Willy Hernangomez,CHA,24,58,57,100%,153,298,51.3,53.9,86.9%,138,259,53.3,13.1%,15,39,38.5,58,55,80.5%,132,240,55.0,55.0,80.5%,132,240,55.0,0.0%,0,0,-,31.57894736842105
7,Will Barton,DEN,28,43,43,100%,177,443,40.0,47.0,58.2%,115,258,44.6,41.8%,62,185,33.5,43,40,38.4%,83,170,48.8,48.8,38.4%,83,170,48.8,0.0%,0,0,-,36.36363636363637
8,Wesley Matthews,IND,32,69,69,100%,279,699,39.9,50.6,42.3%,129,296,43.6,57.7%,150,403,37.2,69,59,22.6%,79,158,50.0,50.0,22.6%,79,158,50.0,0.0%,0,0,-,36.231884057971016
9,Wesley Johnson,WAS,31,38,37,100%,45,128,35.2,44.9,40.6%,20,52,38.5,59.4%,25,76,32.9,38,12,11.7%,10,15,66.7,66.7,11.7%,10,15,66.7,0.0%,0,0,-,27.027027027027028
10,Wes Iwundu,ORL,24,68,65,100%,113,274,41.2,46.5,71.2%,84,195,43.1,28.8%,29,79,36.7,68,56,46.0%,59,126,46.8,46.8,46.0%,59,126,46.8,0.0%,0,0,-,36.231884057971016
11,Wendell Carter Jr.,CHI,20,43,43,100%,176,365,48.2,49.0,91.2%,170,333,51.1,8.8%,6,32,18.8,43,43,60.5%,125,221,56.6,56.6,60.5%,125,221,56.6,0.0%,0,0,-,40.17857142857143
12,Wayne Selden,CHI,24,75,74,100%,196,481,40.7,46.5,63.6%,141,306,46.1,36.4%,55,175,31.4,75,63,39.3%,91,189,48.1,48.1,39.3%,91,189,48.1,0.0%,0,0,-,42.73504273504273
13,Wayne Ellington,DET,31,53,52,100%,184,457,40.3,55.4,18.6%,46,85,54.1,81.4%,138,372,37.1,53,34,14.4%,38,66,57.6,57.6,14.4%,38,66,57.6,0.0%,0,0,-,42.10526315789473
14,Vince Carter,ATL,42,76,75,100%,196,468,41.9,55.0,32.5%,73,152,48.0,67.5%,123,316,38.9,76,54,22.4%,56,105,53.3,53.3,22.4%,56,105,53.3,0.0%,0,0,-,36.17021276595745
15,Victor Oladipo,IND,26,36,36,100%,249,588,42.3,48.6,63.3%,175,372,47.0,36.7%,74,216,34.3,36,36,29.4%,87,173,50.3,50.3,29.4%,87,173,50.3,0.0%,0,0,-,44.221105527638194
16,Tyus Jones,MIN,22,68,67,100%,185,446,41.5,46.0,71.7%,145,320,45.3,28.3%,40,126,31.7,68,55,38.6%,88,172,51.2,51.2,38.6%,88,172,51.2,0.0%,0,0,-,38.513513513513516
17,Tyrone Wallace,LAC,24,62,54,100%,92,217,42.4,43.3,91.2%,88,198,44.4,8.8%,4,19,21.1,62,54,74.2%,71,161,44.1,44.1,74.2%,71,161,44.1,0.0%,0,0,-,45.94594594594595
18,Tyreke Evans,IND,29,69,69,100%,257,660,38.9,44.8,67.3%,180,444,40.5,32.7%,77,216,35.6,69,69,52.0%,148,343,43.1,43.1,52.0%,148,343,43.1,0.0%,0,0,-,31.683168316831683
19,Tyler Johnson,PHX,26,57,57,100%,217,526,41.3,49.8,50.6%,127,266,47.7,49.4%,90,260,34.6,57,54,34.4%,104,181,57.5,57.5,34.4%,104,181,57.5,0.0%,0,0,-,27.058823529411764
20,Tyler Dorsey,MEM,23,48,45,100%,107,264,40.5,48.9,50.0%,63,132,47.7,50.0%,44,132,33.3,48,35,34.8%,48,92,52.2,52.2,34.8%,48,92,52.2,0.0%,0,0,-,37.5
21,Troy Williams,SAC,24,21,21,100%,44,98,44.9,52.0,55.1%,30,54,55.6,44.9%,14,44,31.8,21,18,49.0%,29,48,60.4,60.4,49.0%,29,48,60.4,0.0%,0,0,-,16.666666666666664
22,Troy Daniels,PHX,27,51,48,100%,113,275,41.1,54.5,29.5%,39,81,48.1,70.5%,74,194,38.1,51,23,13.1%,17,36,47.2,47.2,13.1%,17,36,47.2,0.0%,0,0,-,48.888888888888886
23,Troy Brown Jr.,WAS,19,51,48,100%,93,226,41.2,45.6,71.2%,73,161,45.3,28.8%,20,65,30.8,51,42,49.6%,58,112,51.8,51.8,49.6%,58,112,51.8,0.0%,0,0,-,30.612244897959183
24,Trey Lyles,DEN,23,64,62,100%,203,489,41.5,46.5,59.7%,154,292,52.7,40.3%,49,197,24.9,64,56,44.0%,125,215,58.1,58.1,44.0%,125,215,58.1,0.0%,0,0,-,37.66233766233766
25,Trey Burke,DAL,26,58,58,100%,235,548,42.9,48.0,70.8%,179,388,46.1,29.2%,56,160,35.0,58,54,37.8%,104,207,50.2,50.2,37.8%,104,207,50.2,0.0%,0,0,-,41.43646408839779
26,Trevor Ariza,WAS,33,68,68,100%,291,725,40.1,50.0,41.2%,148,299,49.5,58.8%,143,426,33.6,68,66,35.2%,131,255,51.4,51.4,35.2%,131,255,51.4,0.0%,0,0,-,38.63636363636363
27,Treveon Graham,BKN,25,35,33,100%,64,191,33.5,43.5,33.0%,26,63,41.3,67.0%,38,128,29.7,35,24,22.5%,19,43,44.2,44.2,22.5%,19,43,44.2,0.0%,0,0,-,35.0
28,Trae Young,ATL,20,81,81,100%,525,1257,41.8,48.0,61.7%,369,775,47.6,38.3%,156,482,32.4,81,81,41.2%,263,518,50.8,50.8,41.2%,263,518,50.8,0.0%,0,0,-,41.245136186770424
29,Torrey Craig,DEN,28,75,70,100%,160,359,44.6,53.1,48.2%,99,173,57.2,51.8%,61,186,32.8,75,58,42.6%,94,153,61.4,61.4,42.6%,94,153,61.4,0.0%,0,0,-,25.0
30,Tony Snell,MIL,27,74,71,100%,163,361,45.2,56.4,43.5%,82,157,52.2,56.5%,81,204,39.7,74,62,33.8%,72,122,59.0,59.0,33.8%,72,122,59.0,0.0%,0,0,-,28.57142857142857
31,Tony Parker,CHA,36,56,56,100%,213,463,46.0,47.4,89.0%,200,412,48.5,11.0%,13,51,25.5,56,51,48.6%,117,225,52.0,52.0,48.6%,117,225,52.0,0.0%,0,0,-,44.38502673796791
32,Tomas Satoransky,WAS,27,79,79,100%,248,519,47.8,53.7,69.2%,187,359,52.1,30.8%,61,160,38.1,79,72,48.6%,147,252,58.3,58.3,48.6%,147,252,58.3,0.0%,0,0,-,37.38317757009346
33,Tobias Harris,PHI,26,82,82,100%,609,1252,48.6,54.8,68.7%,454,860,52.8,31.3%,155,392,39.5,82,82,42.5%,306,532,57.5,57.5,42.5%,306,532,57.5,0.0%,0,0,-,45.1219512195122
34,Timothe Luwawu-Cabarrot,CHI,23,50,42,100%,82,217,37.8,46.1,46.5%,46,101,45.5,53.5%,36,116,31.0,50,29,35.0%,38,76,50.0,50.0,35.0%,38,76,50.0,0.0%,0,0,-,32.0
35,Tim Hardaway Jr.,DAL,27,64,64,100%,386,984,39.2,47.4,51.9%,226,511,44.2,48.1%,160,473,33.8,64,63,26.1%,125,257,48.6,48.6,26.1%,125,257,48.6,0.0%,0,0,-,39.76377952755906
36,Tim Frazier,MIL,28,59,57,100%,116,261,44.4,51.5,61.3%,79,160,49.4,38.7%,37,101,36.6,59,45,39.1%,54,102,52.9,52.9,39.1%,54,102,52.9,0.0%,0,0,-,43.103448275862064
37,Thon Maker,DET,22,64,61,100%,109,268,40.7,49.8,42.9%,60,115,52.2,57.1%,49,153,32.0,64,42,35.4%,54,95,56.8,56.8,35.4%,54,95,56.8,0.0%,0,0,-,30.0
38,Thomas Bryant,WAS,21,71,68,100%,299,484,61.8,65.2,80.4%,266,389,68.4,19.6%,33,95,34.7,71,66,65.5%,233,317,73.5,73.5,65.5%,233,317,73.5,0.0%,0,0,-,45.83333333333333
39,Theo Pinson,BKN,23,18,14,100%,25,73,34.2,42.5,37.0%,13,27,48.1,63.0%,12,46,26.1,18,11,30.1%,12,22,54.5,54.5,30.1%,12,22,54.5,0.0%,0,0,-,20.0
40,Thaddeus Young,IND,30,81,81,100%,443,841,52.7,55.7,82.6%,392,695,56.4,17.4%,51,146,34.9,81,81,75.7%,379,637,59.5,59.5,75.7%,379,637,59.5,0.0%,0,0,-,22.413793103448278
41,Thabo Sefolosha,UTA,35,49,47,100%,69,146,47.3,58.9,46.6%,35,68,51.5,53.4%,34,78,43.6,49,27,34.2%,28,50,56.0,56.0,34.2%,28,50,56.0,0.0%,0,0,-,38.88888888888889
42,Terry Rozier,BOS,25,79,79,100%,258,665,38.8,47.7,49.3%,139,328,42.4,50.7%,119,337,35.3,79,70,29.3%,93,195,47.7,47.7,29.3%,93,195,47.7,0.0%,0,0,-,34.58646616541353
43,Terrence Ross,ORL,28,79,79,100%,430,1008,42.7,53.2,44.7%,217,451,48.1,55.3%,213,557,38.2,79,55,11.4%,65,115,56.5,56.5,11.4%,65,115,56.5,0.0%,0,0,-,45.23809523809524
44,Terrance Ferguson,OKC,20,73,72,100%,181,423,42.8,55.0,32.9%,78,139,56.1,67.1%,103,284,36.3,73,53,24.6%,69,104,66.3,66.3,24.6%,69,104,66.3,0.0%,0,0,-,25.71428571428571
45,Taurean Prince,ATL,25,55,55,100%,262,594,44.1,54.5,47.0%,139,279,49.8,53.0%,123,315,39.0,55,53,29.8%,97,177,54.8,54.8,29.8%,97,177,54.8,0.0%,0,0,-,41.17647058823529
46,Taj Gibson,MIN,33,70,70,100%,304,538,56.5,57.5,93.7%,293,504,58.1,6.3%,11,34,32.4,70,70,79.4%,258,427,60.4,60.4,79.4%,258,427,60.4,0.0%,0,0,-,45.45454545454545
47,TJ Leaf,IND,22,58,50,100%,99,183,54.1,56.3,83.1%,91,152,59.9,16.9%,8,31,25.8,58,48,73.2%,86,134,64.2,64.2,73.2%,86,134,64.2,0.0%,0,0,-,27.77777777777778
48,T.J. Warren,PHX,25,43,43,100%,297,611,48.6,54.9,70.5%,220,431,51.0,29.5%,77,180,42.8,43,43,47.6%,168,291,57.7,57.7,47.6%,168,291,57.7,0.0%,0,0,-,37.142857142857146
49,T.J. McConnell,PHI,27,75,74,100%,219,415,52.8,54.5,89.6%,205,372,55.1,10.4%,14,43,32.6,75,63,37.3%,98,155,63.2,63.2,37.3%,98,155,63.2,0.0%,0,0,-,49.30875576036866
50,Svi Mykhailiuk,DET,21,42,38,100%,46,139,33.1,43.5,36.0%,17,50,34.0,64.0%,29,89,32.6,42,16,20.1%,11,28,39.3,39.3,20.1%,11,28,39.3,0.0%,0,0,-,27.27272727272727
51,Sterling Brown,MIL,24,58,55,100%,145,312,46.5,55.0,52.9%,92,165,55.8,47.1%,53,147,36.1,58,48,46.8%,84,146,57.5,57.5,46.8%,84,146,57.5,0.0%,0,0,-,42.10526315789473
52,Stephen Curry,GSW,31,69,69,100%,621,1319,47.1,60.2,39.3%,275,518,53.1,60.7%,346,801,43.2,69,66,23.1%,180,305,59.0,59.0,23.1%,180,305,59.0,0.0%,0,0,-,44.60093896713615
53,Stanley Johnson,NOP,22,66,64,100%,171,440,38.9,45.9,51.1%,109,225,48.4,48.9%,62,215,28.8,66,57,40.7%,92,179,51.4,51.4,40.7%,92,179,51.4,0.0%,0,0,-,36.95652173913043
54,Spencer Dinwiddie,BKN,26,68,68,100%,366,828,44.2,51.7,55.3%,242,458,52.8,44.7%,124,370,33.5,68,67,45.9%,210,380,55.3,55.3,45.9%,210,380,55.3,0.0%,0,0,-,41.02564102564102
55,Solomon Hill,NOP,28,44,39,100%,68,178,38.2,47.2,43.3%,36,77,46.8,56.7%,32,101,31.7,44,32,33.7%,30,60,50.0,50.0,33.7%,30,60,50.0,0.0%,0,0,-,35.294117647058826
56,Skal Labissiere,POR,23,22,14,100%,26,49,53.1,59.2,73.5%,20,36,55.6,26.5%,6,13,46.2,22,12,59.2%,16,29,55.2,55.2,59.2%,16,29,55.2,0.0%,0,0,-,57.14285714285714
57,Sindarius Thornwell,LAC,24,64,26,100%,17,49,34.7,37.8,69.4%,14,34,41.2,30.6%,3,15,20.0,64,20,67.3%,14,33,42.4,42.4,67.3%,14,33,42.4,0.0%,0,0,-,0.0
58,Shelvin Mack,CHA,29,57,57,100%,163,403,40.4,46.2,67.7%,117,273,42.9,32.3%,46,130,35.4,57,53,43.7%,88,176,50.0,50.0,43.7%,88,176,50.0,0.0%,0,0,-,29.896907216494846
59,Shaquille Harrison,CHI,25,72,69,100%,184,424,43.4,46.2,79.0%,160,335,47.8,21.0%,24,89,27.0,72,64,70.0%,153,297,51.5,51.5,70.0%,153,297,51.5,0.0%,0,0,-,18.421052631578945
60,Shake Milton,PHI,22,20,18,100%,34,87,39.1,47.1,49.4%,20,43,46.5,50.6%,14,44,31.8,20,13,31.0%,12,27,44.4,44.4,31.0%,12,27,44.4,0.0%,0,0,-,50.0
61,Shai Gilgeous-Alexander,LAC,20,82,82,100%,341,716,47.6,51.2,80.6%,290,577,50.3,19.4%,51,139,36.7,82,79,44.4%,177,318,55.7,55.7,44.4%,177,318,55.7,0.0%,0,0,-,43.62934362934363
62,Shabazz Napier,BKN,27,56,52,100%,169,435,38.9,47.6,47.6%,93,207,44.9,52.4%,76,228,33.3,56,45,28.7%,61,125,48.8,48.8,28.7%,61,125,48.8,0.0%,0,0,-,39.02439024390244
63,Seth Curry,POR,28,74,73,100%,212,465,45.6,57.7,46.0%,99,214,46.3,54.0%,113,251,45.0,74,43,17.6%,45,82,54.9,54.9,17.6%,45,82,54.9,0.0%,0,0,-,40.909090909090914
64,Serge Ibaka,TOR,29,74,74,100%,464,876,53.0,55.8,80.7%,415,707,58.7,19.3%,49,169,29.0,74,72,46.6%,261,408,64.0,64.0,46.6%,261,408,64.0,0.0%,0,0,-,51.50501672240802
65,Semi Ojeleye,BOS,24,56,44,100%,67,158,42.4,51.3,43.7%,39,69,56.5,56.3%,28,89,31.5,56,30,33.5%,34,53,64.2,64.2,33.5%,34,53,64.2,0.0%,0,0,-,31.25
66,Sam Dekker,WAS,24,46,43,100%,113,245,46.1,50.0,74.7%,94,183,51.4,25.3%,19,62,30.6,46,41,64.5%,86,158,54.4,54.4,64.5%,86,158,54.4,0.0%,0,0,-,32.0
67,Salah Mejri,DAL,32,36,29,100%,55,112,49.1,54.0,69.6%,44,78,56.4,30.4%,11,34,32.4,36,25,63.4%,44,71,62.0,62.0,63.4%,44,71,62.0,0.0%,0,0,-,0.0
68,Ryan Broekhoff,DAL,28,42,34,100%,57,127,44.9,59.8,26.0%,19,33,57.6,74.0%,38,94,40.4,42,13,19.7%,15,25,60.0,60.0,19.7%,15,25,60.0,0.0%,0,0,-,50.0
69,Ryan Arcidiacono,CHI,25,80,79,100%,184,412,44.7,54.5,47.6%,103,196,52.6,52.4%,81,216,37.5,80,56,27.9%,62,115,53.9,53.9,27.9%,62,115,53.9,0.0%,0,0,-,50.617283950617285
70,Ryan Anderson,MIA,30,25,19,100%,21,69,30.4,37.0,42.0%,12,29,41.4,58.0%,9,40,22.5,25,9,20.3%,7,14,50.0,50.0,20.3%,7,14,50.0,0.0%,0,0,-,33.33333333333333
71,Russell Westbrook,OKC,30,72,72,100%,621,1450,42.8,46.9,72.1%,503,1045,48.1,27.9%,118,405,29.1,72,71,42.3%,358,613,58.4,58.4,42.3%,358,613,58.4,0.0%,0,0,-,33.56481481481482
72,Rudy Gay,SAS,32,69,69,100%,376,746,50.4,55.4,75.3%,302,562,53.7,24.7%,74,184,40.2,69,69,42.0%,172,313,55.0,55.0,42.0%,172,313,55.0,0.0%,0,0,-,52.208835341365464
73,Royce O'Neale,UTA,25,81,75,100%,161,340,47.4,57.1,49.1%,95,167,56.9,50.9%,66,173,38.2,81,62,44.7%,91,152,59.9,59.9,44.7%,91,152,59.9,0.0%,0,0,-,26.666666666666668
74,Rondae Hollis-Jefferson,BKN,24,59,58,100%,200,487,41.1,42.0,89.9%,191,438,43.6,10.1%,9,49,18.4,59,58,74.3%,170,362,47.0,47.0,74.3%,170,362,47.0,0.0%,0,0,-,27.631578947368425
75,Rodney McGruder,LAC,27,66,64,100%,186,463,40.2,48.7,51.0%,107,236,45.3,49.0%,79,227,34.8,66,54,43.6%,93,202,46.0,46.0,43.6%,93,202,46.0,0.0%,0,0,-,41.17647058823529
76,Rodney Hood,POR,26,72,72,100%,292,671,43.5,49.8,64.8%,208,435,47.8,35.2%,84,236,35.6,72,64,28.3%,98,190,51.6,51.6,28.3%,98,190,51.6,0.0%,0,0,-,44.89795918367347
77,Rodions Kurucs,BKN,21,63,63,100%,202,449,45.0,51.4,59.0%,144,265,54.3,41.0%,58,184,31.5,63,62,55.0%,139,247,56.3,56.3,55.0%,139,247,56.3,0.0%,0,0,-,27.77777777777778
78,Robin Lopez,CHI,31,73,72,100%,301,528,57.0,57.7,94.1%,294,497,59.2,5.9%,7,31,22.6,73,71,84.8%,277,448,61.8,61.8,84.8%,277,448,61.8,0.0%,0,0,-,34.69387755102041
79,Robert Covington,MIN,28,35,35,100%,156,362,43.1,54.8,37.8%,71,137,51.8,62.2%,85,225,37.8,35,34,26.8%,57,97,58.8,58.8,26.8%,57,97,58.8,0.0%,0,0,-,35.0
80,Ricky Rubio,UTA,28,67,67,100%,286,704,40.6,46.2,64.9%,207,457,45.3,35.1%,79,247,32.0,67,65,31.7%,119,223,53.4,53.4,31.7%,119,223,53.4,0.0%,0,0,-,37.60683760683761
81,Reggie Jackson,DET,29,82,82,100%,441,1047,42.1,50.4,55.0%,267,576,46.4,45.0%,174,471,36.9,82,81,32.0%,155,335,46.3,46.3,32.0%,155,335,46.3,0.0%,0,0,-,46.47302904564315
82,Reggie Bullock,LAL,28,63,62,100%,244,590,41.4,53.9,33.7%,96,199,48.2,66.3%,148,391,37.9,63,50,17.6%,52,104,50.0,50.0,17.6%,52,104,50.0,0.0%,0,0,-,46.31578947368421
83,Raymond Felton,OKC,34,33,31,100%,55,135,40.7,48.1,54.8%,35,74,47.3,45.2%,20,61,32.8,33,18,20.7%,14,28,50.0,50.0,20.7%,14,28,50.0,0.0%,0,0,-,45.65217391304348
84,Rawle Alkins,CHI,21,10,9,100%,13,39,33.3,37.2,69.2%,10,27,37.0,30.8%,3,12,25.0,10,8,64.1%,10,25,40.0,40.0,64.1%,10,25,40.0,0.0%,0,0,-,0.0
85,Raul Neto,UTA,26,37,33,100%,73,160,45.6,51.9,62.5%,53,100,53.0,37.5%,20,60,33.3,37,29,47.5%,44,76,57.9,57.9,47.5%,44,76,57.9,0.0%,0,0,-,37.5
86,Rajon Rondo,LAL,33,46,45,100%,173,425,40.7,46.7,67.3%,122,286,42.7,32.7%,51,139,36.7,46,45,50.1%,98,213,46.0,46.0,50.1%,98,213,46.0,0.0%,0,0,-,32.87671232876712
87,Quinn Cook,GSW,26,74,69,100%,200,434,46.1,55.1,54.8%,122,238,51.3,45.2%,78,196,39.8,74,50,24.2%,55,105,52.4,52.4,24.2%,55,105,52.4,0.0%,0,0,-,50.37593984962406
88,Quincy Pondexter,SAS,31,53,28,100%,29,58,50.0,55.2,69.0%,23,40,57.5,31.0%,6,18,33.3,53,19,53.4%,20,31,64.5,64.5,53.4%,20,31,64.5,0.0%,0,0,-,33.33333333333333
89,Paul Millsap,DEN,34,70,70,100%,316,654,48.3,52.8,76.0%,258,497,51.9,24.0%,58,157,36.9,70,70,59.3%,216,388,55.7,55.7,59.3%,216,388,55.7,0.0%,0,0,-,38.53211009174312
90,Paul George,OKC,29,76,76,100%,699,1593,43.9,52.9,53.0%,411,845,48.6,47.0%,288,748,38.5,76,76,28.9%,259,460,56.3,56.3,28.9%,259,460,56.3,0.0%,0,0,-,39.48051948051948
91,Pau Gasol,MIL,38,30,27,100%,42,94,44.7,47.9,86.2%,36,81,44.4,13.8%,6,13,46.2,30,19,55.3%,25,52,48.1,48.1,55.3%,25,52,48.1,0.0%,0,0,-,37.93103448275862
92,Patty Mills,SAS,30,82,82,100%,282,663,42.5,54.5,39.1%,123,259,47.5,60.9%,159,404,39.4,82,63,18.1%,73,120,60.8,60.8,18.1%,73,120,60.8,0.0%,0,0,-,35.97122302158273
93,Patrick Patterson,OKC,30,62,56,100%,82,217,37.8,48.4,37.3%,36,81,44.4,62.7%,46,136,33.8,62,36,25.8%,27,56,48.2,48.2,25.8%,27,56,48.2,0.0%,0,0,-,36.0
94,Patrick McCaw,TOR,23,29,24,100%,26,63,41.3,48.4,55.6%,17,35,48.6,44.4%,9,28,32.1,29,16,46.0%,16,29,55.2,55.2,46.0%,16,29,55.2,0.0%,0,0,-,16.666666666666664
95,Patrick Beverley,LAC,30,78,78,100%,194,475,40.8,52.6,40.8%,82,194,42.3,59.2%,112,281,39.9,78,63,34.1%,71,162,43.8,43.8,34.1%,71,162,43.8,0.0%,0,0,-,34.375
96,Pat Connaughton,MIL,26,61,58,100%,163,349,46.7,56.2,42.7%,97,149,65.1,57.3%,66,200,33.0,61,46,38.1%,90,133,67.7,67.7,38.1%,90,133,67.7,0.0%,0,0,-,43.75
97,Pascal Siakam,TOR,25,80,80,100%,518,943,54.9,59.1,77.3%,439,729,60.2,22.7%,79,214,36.9,80,80,69.8%,411,658,62.5,62.5,69.8%,411,658,62.5,0.0%,0,0,-,39.436619718309856
98,PJ Tucker,HOU,33,82,82,100%,207,523,39.6,53.5,26.0%,61,136,44.9,74.0%,146,387,37.7,82,59,23.3%,58,122,47.5,47.5,23.3%,58,122,47.5,0.0%,0,0,-,21.428571428571427
99,Otto Porter Jr.,CHI,25,55,55,100%,291,627,46.4,54.6,59.6%,188,374,50.3,40.4%,103,253,40.7,55,46,24.4%,98,153,64.1,64.1,24.4%,98,153,64.1,0.0%,0,0,-,40.723981900452486
100,Omri Casspi,MEM,30,36,36,100%,86,161,53.4,58.1,73.3%,71,118,60.2,26.7%,15,43,34.9,36,35,72.0%,70,116,60.3,60.3,72.0%,70,116,60.3,0.0%,0,0,-,50.0
101,Omari Spellman,ATL,21,46,45,100%,98,244,40.2,49.2,47.5%,54,116,46.6,52.5%,44,128,34.4,46,35,41.0%,48,100,48.0,48.0,41.0%,48,100,48.0,0.0%,0,0,-,37.5
102,OG Anunoby,TOR,21,67,67,100%,181,402,45.0,53.4,49.8%,114,200,57.0,50.2%,67,202,33.2,67,62,45.5%,107,183,58.5,58.5,45.5%,107,183,58.5,0.0%,0,0,-,41.17647058823529
103,Norman Powell,TOR,25,60,59,100%,193,400,48.3,56.8,57.5%,125,230,54.3,42.5%,68,170,40.0,60,54,45.8%,111,183,60.7,60.7,45.8%,111,183,60.7,0.0%,0,0,-,29.78723404255319
104,Noah Vonleh,NYK,23,67,67,100%,198,425,46.6,52.0,68.0%,152,289,52.6,32.0%,46,136,33.8,67,66,61.2%,143,260,55.0,55.0,61.2%,143,260,55.0,0.0%,0,0,-,31.03448275862069
105,Nikola Vucevic,ORL,28,78,78,100%,684,1316,52.0,55.0,83.1%,604,1094,55.2,16.9%,80,222,36.0,78,78,57.9%,461,762,60.5,60.5,57.9%,461,762,60.5,0.0%,0,0,-,43.07228915662651
106,Nikola Mirotic,MIL,28,46,46,100%,238,542,43.9,54.6,41.3%,122,224,54.5,58.7%,116,318,36.5,46,43,26.4%,92,143,64.3,64.3,26.4%,92,143,64.3,0.0%,0,0,-,37.03703703703704
107,Nikola Jokic,DEN,24,80,80,100%,614,1203,51.0,54.5,77.6%,531,934,56.9,22.4%,83,269,30.9,80,79,61.4%,446,739,60.4,60.4,61.4%,446,739,60.4,0.0%,0,0,-,43.58974358974359
108,Nik Stauskas,CLE,25,68,67,100%,135,337,40.1,50.4,44.2%,65,149,43.6,55.8%,70,188,37.2,68,49,24.0%,36,81,44.4,44.4,24.0%,36,81,44.4,0.0%,0,0,-,42.64705882352941
109,Nicolas Batum,CHA,30,75,75,100%,253,560,45.2,55.5,47.0%,137,263,52.1,53.0%,116,297,39.1,75,61,26.6%,89,149,59.7,59.7,26.6%,89,149,59.7,0.0%,0,0,-,42.10526315789473
110,Nemanja Bjelica,SAC,30,77,77,100%,283,590,48.0,56.7,56.4%,180,333,54.1,43.6%,103,257,40.1,77,72,50.7%,167,299,55.9,55.9,50.7%,167,299,55.9,0.0%,0,0,-,38.23529411764706
111,Myles Turner,IND,23,74,74,100%,380,780,48.7,53.6,74.9%,304,584,52.1,25.1%,76,196,38.8,74,73,39.5%,185,308,60.1,60.1,39.5%,185,308,60.1,0.0%,0,0,-,43.11594202898551
112,Moritz Wagner,LAL,22,43,38,100%,66,161,41.0,47.2,54.7%,46,88,52.3,45.3%,20,73,27.4,43,29,49.1%,43,79,54.4,54.4,49.1%,43,79,54.4,0.0%,0,0,-,33.33333333333333
113,Montrezl Harrell,LAC,25,82,82,100%,546,888,61.5,61.7,98.1%,543,871,62.3,1.9%,3,17,17.6,82,82,90.4%,519,803,64.6,64.6,90.4%,519,803,64.6,0.0%,0,0,-,35.294117647058826
114,Monte Morris,DEN,23,82,82,100%,344,695,49.5,56.2,67.8%,251,471,53.3,32.2%,93,224,41.5,82,77,34.2%,135,238,56.7,56.7,34.2%,135,238,56.7,0.0%,0,0,-,49.78540772532189
115,Mo Bamba,ORL,20,45,45,100%,111,229,48.5,52.6,71.6%,92,164,56.1,28.4%,19,65,29.2,45,43,49.3%,72,113,63.7,63.7,49.3%,72,113,63.7,0.0%,0,0,-,39.21568627450981
116,Miles Bridges,CHA,21,80,79,100%,237,512,46.3,52.6,60.9%,172,312,55.1,39.1%,65,200,32.5,80,71,52.7%,161,270,59.6,59.6,52.7%,161,270,59.6,0.0%,0,0,-,26.190476190476193
117,Mike Scott,PHI,30,79,76,100%,168,420,40.0,52.0,40.0%,67,168,39.9,60.0%,101,252,40.1,79,56,26.7%,44,112,39.3,39.3,26.7%,44,112,39.3,0.0%,0,0,-,41.07142857142857
118,Mike Muscala,LAL,27,63,60,100%,143,353,40.5,53.1,28.6%,54,101,53.5,71.4%,89,252,35.3,63,39,20.1%,40,71,56.3,56.3,20.1%,40,71,56.3,0.0%,0,0,-,46.666666666666664
119,Mike Conley,MEM,31,70,70,100%,490,1120,43.8,50.7,62.0%,335,694,48.3,38.0%,155,426,36.4,70,70,33.8%,201,378,53.2,53.2,33.8%,201,378,53.2,0.0%,0,0,-,42.405063291139236
120,Mikal Bridges,PHX,22,82,81,100%,242,563,43.0,52.3,44.4%,137,250,54.8,55.6%,105,313,33.5,82,75,36.6%,121,206,58.7,58.7,36.6%,121,206,58.7,0.0%,0,0,-,36.36363636363637
121,Michael Kidd-Gilchrist,CHA,25,64,63,100%,158,334,47.3,49.7,85.6%,142,286,49.7,14.4%,16,48,33.3,64,59,65.9%,116,220,52.7,52.7,65.9%,116,220,52.7,0.0%,0,0,-,39.39393939393939
122,Michael Carter-Williams,ORL,27,28,27,100%,46,123,37.4,41.5,69.1%,36,85,42.4,30.9%,10,38,26.3,28,27,61.0%,34,75,45.3,45.3,61.0%,34,75,45.3,0.0%,0,0,-,20.0
123,Michael Beasley,LAL,30,26,23,100%,75,153,49.0,50.0,88.9%,72,136,52.9,11.1%,3,17,17.6,26,23,70.6%,61,108,56.5,56.5,70.6%,61,108,56.5,0.0%,0,0,-,39.285714285714285
124,Meyers Leonard,POR,27,61,55,100%,132,241,54.8,65.1,53.9%,82,130,63.1,46.1%,50,111,45.0,61,46,41.9%,71,101,70.3,70.3,41.9%,71,101,70.3,0.0%,0,0,-,37.93103448275862
125,Maxi Kleber,DAL,27,71,70,100%,175,386,45.3,55.3,43.5%,98,168,58.3,56.5%,77,218,35.3,71,48,32.6%,78,126,61.9,61.9,32.6%,78,126,61.9,0.0%,0,0,-,47.61904761904761
126,Maurice Harkless,POR,25,60,60,100%,188,387,48.6,52.8,69.0%,155,267,58.1,31.0%,33,120,27.5,60,56,65.4%,151,253,59.7,59.7,65.4%,151,253,59.7,0.0%,0,0,-,28.57142857142857
127,Matthew Dellavedova,CLE,28,48,45,100%,98,242,40.5,49.6,46.3%,54,112,48.2,53.7%,44,130,33.8,48,35,27.7%,36,67,53.7,53.7,27.7%,36,67,53.7,0.0%,0,0,-,40.0
128,Marvin Williams,CHA,32,75,75,100%,275,653,42.1,52.8,41.5%,135,271,49.8,58.5%,140,382,36.6,75,66,31.7%,107,207,51.7,51.7,31.7%,107,207,51.7,0.0%,0,0,-,43.75
129,Marvin Bagley III,SAC,20,62,62,100%,354,705,50.2,52.3,86.4%,324,609,53.2,13.6%,30,96,31.3,62,62,67.1%,269,473,56.9,56.9,67.1%,269,473,56.9,0.0%,0,0,-,40.44117647058824
130,Marquese Chriss,CLE,21,43,39,100%,67,177,37.9,42.4,59.9%,51,106,48.1,40.1%,16,71,22.5,43,34,58.2%,50,103,48.5,48.5,58.2%,50,103,48.5,0.0%,0,0,-,33.33333333333333
131,Markieff Morris,OKC,29,58,58,100%,203,481,42.2,49.3,57.8%,135,278,48.6,42.2%,68,203,33.5,58,53,39.9%,106,192,55.2,55.2,39.9%,106,192,55.2,0.0%,0,0,-,33.72093023255814
132,Markelle Fultz,ORL,20,19,19,100%,65,155,41.9,43.2,91.0%,61,141,43.3,9.0%,4,14,28.6,19,19,49.0%,42,76,55.3,55.3,49.0%,42,76,55.3,0.0%,0,0,-,29.230769230769234
133,Mario Hezonja,NYK,24,57,55,100%,189,456,41.4,46.1,66.9%,147,305,48.2,33.1%,42,151,27.8,57,52,47.6%,106,217,48.8,48.8,47.6%,106,217,48.8,0.0%,0,0,-,46.590909090909086
134,Marcus Smart,BOS,25,80,80,100%,239,567,42.2,53.3,39.0%,113,221,51.1,61.0%,126,346,36.4,80,68,29.3%,93,166,56.0,56.0,29.3%,93,166,56.0,0.0%,0,0,-,36.36363636363637
135,Marcus Morris,BOS,29,75,75,100%,377,844,44.7,53.3,53.9%,231,455,50.8,46.1%,146,389,37.5,75,69,27.8%,142,235,60.4,60.4,27.8%,142,235,60.4,0.0%,0,0,-,40.45454545454545
136,Marco Belinelli,SAS,33,79,79,100%,285,690,41.3,52.0,42.8%,138,295,46.8,57.2%,147,395,37.2,79,59,17.1%,64,118,54.2,54.2,17.1%,64,118,54.2,0.0%,0,0,-,41.80790960451977
137,Marc Gasol,TOR,34,79,79,100%,390,870,44.8,50.5,68.6%,291,597,48.7,31.4%,99,273,36.3,79,77,36.8%,177,320,55.3,55.3,36.8%,177,320,55.3,0.0%,0,0,-,41.15523465703971
138,MarShon Brooks,MEM,30,29,28,100%,76,169,45.0,49.4,68.0%,61,115,53.0,32.0%,15,54,27.8,29,24,42.6%,43,72,59.7,59.7,42.6%,43,72,59.7,0.0%,0,0,-,41.86046511627907
139,Malik Monk,CHA,21,73,73,100%,227,586,38.7,48.0,43.7%,118,256,46.1,56.3%,109,330,33.0,73,62,28.0%,89,164,54.3,54.3,28.0%,89,164,54.3,0.0%,0,0,-,31.521739130434785
140,Malik Beasley,DEN,22,81,80,100%,346,730,47.4,58.4,45.2%,185,330,56.1,54.8%,161,400,40.3,81,73,29.5%,135,215,62.8,62.8,29.5%,135,215,62.8,0.0%,0,0,-,43.47826086956522
141,Malcolm Brogdon,MIL,26,64,64,100%,378,747,50.6,57.6,67.3%,274,503,54.5,32.7%,104,244,42.6,64,64,59.0%,253,441,57.4,57.4,59.0%,253,441,57.4,0.0%,0,0,-,33.87096774193548
142,Luol Deng,MIN,34,22,22,100%,59,118,50.0,55.9,62.7%,45,74,60.8,37.3%,14,44,31.8,22,19,46.6%,39,55,70.9,70.9,46.6%,39,55,70.9,0.0%,0,0,-,31.57894736842105
143,Luke Kornet,NYK,23,45,41,100%,102,272,37.5,49.6,31.3%,36,85,42.4,68.8%,66,187,35.3,45,23,16.9%,24,46,52.2,52.2,16.9%,24,46,52.2,0.0%,0,0,-,30.76923076923077
144,Luke Kennard,DET,22,63,63,100%,228,520,43.8,54.0,48.3%,122,251,48.6,51.7%,106,269,39.4,63,45,18.7%,56,97,57.7,57.7,18.7%,56,97,57.7,0.0%,0,0,-,42.857142857142854
145,Luka Doncic,DAL,20,72,72,100%,506,1187,42.6,49.7,56.6%,338,672,50.3,43.4%,168,515,32.6,72,72,40.8%,265,484,54.8,54.8,40.8%,265,484,54.8,0.0%,0,0,-,38.82978723404255
146,Lou Williams,LAC,32,75,75,100%,484,1137,42.6,47.2,74.3%,379,845,44.9,25.7%,105,292,36.0,75,75,36.9%,199,419,47.5,47.5,36.9%,199,419,47.5,0.0%,0,0,-,42.25352112676056
147,Lorenzo Brown,TOR,28,26,17,100%,22,69,31.9,36.2,60.9%,16,42,38.1,39.1%,6,27,22.2,26,12,44.9%,11,31,35.5,35.5,44.9%,11,31,35.5,0.0%,0,0,-,45.45454545454545
148,Lonzo Ball,LAL,21,47,47,100%,185,456,40.6,48.8,50.0%,110,228,48.2,50.0%,75,228,32.9,47,44,38.6%,95,176,54.0,54.0,38.6%,95,176,54.0,0.0%,0,0,-,28.846153846153843
149,Lonnie Walker IV,SAS,20,17,14,100%,16,46,34.8,40.2,71.7%,11,33,33.3,28.3%,5,13,38.5,17,8,39.1%,8,18,44.4,44.4,39.1%,8,18,44.4,0.0%,0,0,-,20.0
150,LeBron James,LAL,34,55,55,100%,549,1078,50.9,56.0,70.2%,440,757,58.1,29.8%,109,321,34.0,55,55,49.3%,346,531,65.2,65.2,49.3%,346,531,65.2,0.0%,0,0,-,41.5929203539823
151,Lauri Markkanen,CHI,21,51,51,100%,340,785,43.3,50.8,58.5%,222,459,48.4,41.5%,118,326,36.2,51,51,39.5%,165,310,53.2,53.2,39.5%,165,310,53.2,0.0%,0,0,-,38.25503355704698
152,Larry Nance Jr.,CLE,26,67,66,100%,243,468,51.9,55.4,79.5%,210,372,56.5,20.5%,33,96,34.4,67,64,63.9%,187,299,62.5,62.5,63.9%,187,299,62.5,0.0%,0,0,-,31.506849315068493
153,Langston Galloway,DET,27,80,79,100%,228,587,38.8,50.3,35.1%,93,206,45.1,64.9%,135,381,35.4,80,56,19.8%,55,116,47.4,47.4,19.8%,55,116,47.4,0.0%,0,0,-,42.22222222222222
154,Landry Shamet,LAC,22,78,78,100%,237,554,42.8,57.6,29.1%,73,161,45.3,70.9%,164,393,41.7,78,55,16.4%,47,91,51.6,51.6,16.4%,47,91,51.6,0.0%,0,0,-,37.142857142857146
155,Lance Thomas,NYK,31,46,46,100%,78,197,39.6,45.2,59.9%,56,118,47.5,40.1%,22,79,27.8,46,37,32.5%,33,64,51.6,51.6,32.5%,33,64,51.6,0.0%,0,0,-,42.592592592592595
156,Lance Stephenson,LAL,28,68,64,100%,183,427,42.9,51.3,54.8%,111,234,47.4,45.2%,72,193,37.3,68,53,30.4%,71,130,54.6,54.6,30.4%,71,130,54.6,0.0%,0,0,-,38.46153846153847
157,LaMarcus Aldridge,SAS,33,81,81,100%,684,1319,51.9,52.2,96.8%,674,1277,52.8,3.2%,10,42,23.8,81,81,48.1%,394,635,62.0,62.0,48.1%,394,635,62.0,0.0%,0,0,-,43.613707165109034
158,Kyrie Irving,BOS,27,67,67,100%,604,1241,48.7,55.7,65.0%,430,807,53.3,35.0%,174,434,40.1,67,67,36.3%,254,451,56.3,56.3,36.3%,254,451,56.3,0.0%,0,0,-,49.43820224719101
159,Kyle O'Quinn,IND,29,45,37,100%,68,135,50.4,50.7,91.1%,67,123,54.5,8.9%,1,12,8.3,45,25,39.3%,32,53,60.4,60.4,39.3%,32,53,60.4,0.0%,0,0,-,50.0
160,Kyle Lowry,TOR,33,65,65,100%,304,739,41.1,51.8,38.7%,147,286,51.4,61.3%,157,453,34.7,65,60,23.7%,103,175,58.9,58.9,23.7%,103,175,58.9,0.0%,0,0,-,39.63963963963964
161,Kyle Kuzma,LAL,23,70,70,100%,496,1087,45.6,51.5,61.2%,368,665,55.3,38.8%,128,422,30.3,70,70,47.9%,310,521,59.5,59.5,47.9%,310,521,59.5,0.0%,0,0,-,40.27777777777778
162,Kyle Korver,UTA,38,69,69,100%,199,471,42.3,56.7,28.2%,63,133,47.4,71.8%,136,338,40.2,69,20,5.5%,18,26,69.2,69.2,5.5%,18,26,69.2,0.0%,0,0,-,42.05607476635514
163,Kyle Anderson,MEM,25,43,43,100%,150,276,54.3,56.0,87.7%,141,242,58.3,12.3%,9,34,26.5,43,43,72.8%,123,201,61.2,61.2,72.8%,123,201,61.2,0.0%,0,0,-,43.90243902439025
164,Kris Dunn,CHI,25,45,45,100%,213,501,42.5,45.8,81.0%,180,406,44.3,19.0%,33,95,34.7,45,45,46.1%,113,231,48.9,48.9,46.1%,113,231,48.9,0.0%,0,0,-,38.285714285714285
165,Klay Thompson,GSW,29,78,78,100%,649,1384,46.9,55.5,57.4%,410,794,51.6,42.6%,239,590,40.5,78,75,20.0%,175,277,63.2,63.2,20.0%,175,277,63.2,0.0%,0,0,-,45.45454545454545
166,Khyri Thomas,DET,22,26,24,100%,22,69,31.9,39.1,49.3%,12,34,35.3,50.7%,10,35,28.6,26,11,24.6%,8,17,47.1,47.1,24.6%,8,17,47.1,0.0%,0,0,-,23.52941176470588
167,Khris Middleton,MIL,27,77,77,100%,506,1148,44.1,51.9,58.7%,327,674,48.5,41.3%,179,474,37.8,77,76,31.2%,187,358,52.2,52.2,31.2%,187,358,52.2,0.0%,0,0,-,44.303797468354425
168,Kevin Love,CLE,30,22,22,100%,109,283,38.5,47.9,48.1%,56,136,41.2,51.9%,53,147,36.1,22,20,32.9%,43,93,46.2,46.2,32.9%,43,93,46.2,0.0%,0,0,-,30.23255813953488
169,Kevin Knox,NYK,19,74,74,100%,336,899,37.4,44.3,60.4%,211,543,38.9,39.6%,125,356,35.1,74,71,35.9%,140,323,43.3,43.3,35.9%,140,323,43.3,0.0%,0,0,-,32.27272727272727
170,Kevin Huerter,ATL,20,75,75,100%,275,658,41.8,52.1,46.2%,139,304,45.7,53.8%,136,354,38.4,75,73,35.3%,115,232,49.6,49.6,35.3%,115,232,49.6,0.0%,0,0,-,33.33333333333333
171,Kevin Durant,GSW,30,78,78,100%,717,1374,52.2,57.1,71.9%,581,988,58.8,28.1%,136,386,35.2,78,75,27.9%,259,383,67.6,67.6,27.9%,259,383,67.6,0.0%,0,0,-,53.223140495867774
172,Kentavious Caldwell-Pope,LAL,26,82,81,100%,325,755,43.0,53.0,42.4%,174,320,54.4,57.6%,151,435,34.7,82,63,22.0%,103,166,62.0,62.0,22.0%,103,166,62.0,0.0%,0,0,-,46.103896103896105
173,Kent Bazemore,ATL,29,67,67,100%,278,691,40.2,47.2,56.6%,182,391,46.5,43.4%,96,300,32.0,67,63,38.5%,137,266,51.5,51.5,38.5%,137,266,51.5,0.0%,0,0,-,36.0
174,Kenrich Williams,NOP,24,46,43,100%,107,277,38.6,48.0,43.7%,55,121,45.5,56.3%,52,156,33.3,46,38,35.4%,49,98,50.0,50.0,35.4%,49,98,50.0,0.0%,0,0,-,26.08695652173913
175,Kenneth Faried,HOU,29,37,33,100%,156,265,58.9,60.4,90.6%,148,240,61.7,9.4%,8,25,32.0,37,33,88.3%,142,234,60.7,60.7,88.3%,142,234,60.7,0.0%,0,0,-,100.0
176,Kemba Walker,CHA,28,82,82,100%,730,1682,43.4,51.1,56.6%,470,952,49.4,43.4%,260,730,35.6,82,82,34.3%,293,577,50.8,50.8,34.3%,293,577,50.8,0.0%,0,0,-,47.199999999999996
177,Kelly Oubre Jr.,PHX,23,69,69,100%,375,841,44.6,51.0,59.8%,267,503,53.1,40.2%,108,338,32.0,69,69,51.4%,232,432,53.7,53.7,51.4%,232,432,53.7,0.0%,0,0,-,49.29577464788733
178,Kelly Olynyk,MIA,28,79,77,100%,261,564,46.3,56.3,43.4%,148,245,60.4,56.6%,113,319,35.4,79,67,36.0%,133,203,65.5,65.5,36.0%,133,203,65.5,0.0%,0,0,-,35.714285714285715
179,Keita Bates-Diop,MIN,23,30,27,100%,60,142,42.3,46.8,63.4%,47,90,52.2,36.6%,13,52,25.0,30,21,46.5%,41,66,62.1,62.1,46.5%,41,66,62.1,0.0%,0,0,-,25.0
180,Kawhi Leonard,TOR,27,60,60,100%,560,1129,49.6,54.6,73.3%,448,827,54.2,26.7%,112,302,37.1,60,60,36.0%,254,407,62.4,62.4,36.0%,254,407,62.4,0.0%,0,0,-,46.19047619047619
181,Karl-Anthony Towns,MIN,23,77,77,100%,681,1315,51.8,57.2,73.0%,539,960,56.1,27.0%,142,355,40.0,77,77,59.2%,467,779,59.9,59.9,59.2%,467,779,59.9,0.0%,0,0,-,39.77900552486188
182,Kadeem Allen,NYK,26,19,19,100%,65,140,46.4,52.5,74.3%,48,104,46.2,25.7%,17,36,47.2,19,16,42.1%,33,59,55.9,55.9,42.1%,33,59,55.9,0.0%,0,0,-,33.33333333333333
183,Jusuf Nurkic,POR,24,72,72,100%,420,826,50.8,51.0,96.5%,417,797,52.3,3.5%,3,29,10.3,72,72,81.7%,372,675,55.1,55.1,81.7%,372,675,55.1,0.0%,0,0,-,36.885245901639344
184,Justise Winslow,MIA,23,66,66,100%,324,749,43.3,49.7,65.8%,228,493,46.2,34.2%,96,256,37.5,66,66,48.6%,176,364,48.4,48.4,48.6%,176,364,48.4,0.0%,0,0,-,40.310077519379846
185,Justin Jackson,DAL,24,81,79,100%,217,484,44.8,53.8,49.4%,130,239,54.4,50.6%,87,245,35.5,81,61,30.6%,97,148,65.5,65.5,30.6%,97,148,65.5,0.0%,0,0,-,36.26373626373626
186,Justin Holiday,MEM,30,81,80,100%,294,765,38.4,48.8,39.9%,136,305,44.6,60.1%,158,460,34.3,81,61,21.2%,83,162,51.2,51.2,21.2%,83,162,51.2,0.0%,0,0,-,37.06293706293706
187,Justin Anderson,ATL,25,48,40,100%,64,157,40.8,48.4,51.0%,40,80,50.0,49.0%,24,77,31.2,48,30,42.7%,38,67,56.7,56.7,42.7%,38,67,56.7,0.0%,0,0,-,15.384615384615385
188,Julius Randle,NOP,24,73,73,100%,571,1088,52.5,55.6,82.1%,504,893,56.4,17.9%,67,195,34.4,73,73,72.8%,465,792,58.7,58.7,72.8%,465,792,58.7,0.0%,0,0,-,38.613861386138616
189,Juancho Hernangomez,DEN,23,70,61,100%,138,313,44.1,54.6,42.2%,72,132,54.5,57.8%,66,181,36.5,70,44,39.3%,66,123,53.7,53.7,39.3%,66,123,53.7,0.0%,0,0,-,66.66666666666666
190,Jrue Holiday,NOP,28,67,67,100%,547,1159,47.2,52.3,68.7%,429,796,53.9,31.3%,118,363,32.5,67,67,50.0%,339,579,58.5,58.5,50.0%,339,579,58.5,0.0%,0,0,-,41.474654377880185
191,Josh Richardson,MIA,25,73,73,100%,423,1026,41.2,49.2,55.3%,259,567,45.7,44.7%,164,459,35.7,73,72,29.0%,137,298,46.0,46.0,29.0%,137,298,46.0,0.0%,0,0,-,45.353159851301115
192,Josh Okogie,MIN,20,74,72,100%,196,508,38.6,44.5,57.7%,136,293,46.4,42.3%,60,215,27.9,74,66,43.3%,112,220,50.9,50.9,43.3%,112,220,50.9,0.0%,0,0,-,32.87671232876712
193,Josh Jackson,PHX,22,79,79,100%,347,840,41.3,45.7,73.2%,274,615,44.6,26.8%,73,225,32.4,79,78,49.4%,198,415,47.7,47.7,49.4%,198,415,47.7,0.0%,0,0,-,38.0
194,Josh Hart,LAL,24,67,66,100%,187,460,40.7,50.5,40.9%,96,188,51.1,59.1%,91,272,33.5,67,55,31.1%,86,143,60.1,60.1,31.1%,86,143,60.1,0.0%,0,0,-,22.22222222222222
195,Jose Calderon,DET,37,49,40,100%,45,120,37.5,43.3,52.5%,31,63,49.2,47.5%,14,57,24.6,49,13,15.0%,9,18,50.0,50.0,15.0%,9,18,50.0,0.0%,0,0,-,48.888888888888886
196,Jordan McRae,WAS,28,27,24,100%,61,126,48.4,52.4,73.0%,51,92,55.4,27.0%,10,34,29.4,27,17,34.9%,28,44,63.6,63.6,34.9%,28,44,63.6,0.0%,0,0,-,47.91666666666667
197,Jordan Clarkson,CLE,26,81,81,100%,526,1168,45.0,51.2,61.9%,382,723,52.8,38.1%,144,445,32.4,81,76,39.5%,253,461,54.9,54.9,39.5%,253,461,54.9,0.0%,0,0,-,49.23664122137404
198,Jonathon Simmons,PHI,29,54,54,100%,127,339,37.5,41.4,70.2%,100,238,42.0,29.8%,27,101,26.7,54,50,47.8%,77,162,47.5,47.5,47.8%,77,162,47.5,0.0%,0,0,-,30.263157894736842
199,Jonathan Isaac,ORL,21,73,73,100%,258,599,43.1,50.2,56.1%,173,336,51.5,43.9%,85,263,32.3,73,71,38.2%,136,229,59.4,59.4,38.2%,136,229,59.4,0.0%,0,0,-,34.57943925233645
200,Jonas Valanciunas,MEM,26,49,49,100%,300,537,55.9,57.2,91.1%,286,489,58.5,8.9%,14,48,29.2,49,49,77.3%,256,415,61.7,61.7,77.3%,256,415,61.7,0.0%,0,0,-,40.54054054054054
201,Jonas Jerebko,GSW,32,73,70,100%,162,353,45.9,55.5,47.0%,94,166,56.6,53.0%,68,187,36.4,73,51,33.7%,70,119,58.8,58.8,33.7%,70,119,58.8,0.0%,0,0,-,51.06382978723404
202,Jonah Bolden,PHI,23,43,39,100%,79,160,49.4,59.7,41.3%,46,66,69.7,58.8%,33,94,35.1,43,27,35.6%,42,57,73.7,73.7,35.6%,42,57,73.7,0.0%,0,0,-,44.44444444444444
203,Jon Leuer,DET,29,41,34,100%,66,114,57.9,58.3,89.5%,65,102,63.7,10.5%,1,12,8.3,41,31,62.3%,50,71,70.4,70.4,62.3%,50,71,70.4,0.0%,0,0,-,48.38709677419355
204,John Wall,WAS,28,32,32,100%,245,552,44.4,49.0,69.4%,194,383,50.7,30.6%,51,169,30.2,32,31,44.7%,141,247,57.1,57.1,44.7%,141,247,57.1,0.0%,0,0,-,38.970588235294116
205,John Henson,CLE,28,14,14,100%,31,67,46.3,54.5,53.7%,20,36,55.6,46.3%,11,31,35.5,14,13,53.7%,20,36,55.6,55.6,53.7%,20,36,55.6,0.0%,0,0,-,
206,John Collins,ATL,21,61,61,100%,465,831,56.0,59.3,81.0%,410,673,60.9,19.0%,55,158,34.8,61,61,73.6%,391,612,63.9,63.9,73.6%,391,612,63.9,0.0%,0,0,-,31.147540983606557
207,Joel Embiid,PHI,25,63,63,100%,569,1179,48.3,51.6,78.2%,491,922,53.3,21.8%,78,257,30.4,63,63,53.3%,382,628,60.8,60.8,53.3%,382,628,60.8,0.0%,0,0,-,37.07482993197279
208,Joe Ingles,UTA,31,81,81,100%,352,780,45.1,57.0,39.6%,167,309,54.0,60.4%,185,471,39.3,81,75,31.9%,146,249,58.6,58.6,31.9%,146,249,58.6,0.0%,0,0,-,35.0
209,Joe Harris,BKN,27,76,76,100%,374,748,50.0,62.2,48.4%,191,362,52.8,51.6%,183,386,47.4,76,72,41.8%,171,313,54.6,54.6,41.8%,171,313,54.6,0.0%,0,0,-,40.816326530612244
210,Jodie Meeks,TOR,31,8,8,100%,21,39,53.8,64.1,53.8%,13,21,61.9,46.2%,8,18,44.4,8,7,30.8%,9,12,75.0,75.0,30.8%,9,12,75.0,0.0%,0,0,-,44.44444444444444
211,Jimmy Butler,PHI,29,64,64,100%,413,886,46.6,50.3,79.0%,347,700,49.6,21.0%,66,186,35.5,64,63,46.0%,244,408,59.8,59.8,46.0%,244,408,59.8,0.0%,0,0,-,35.273972602739725
212,Jevon Carter,MEM,23,39,37,100%,56,185,30.3,39.5,44.9%,22,83,26.5,55.1%,34,102,33.3,39,21,19.5%,10,36,27.8,27.8,19.5%,10,36,27.8,0.0%,0,0,-,25.53191489361702
213,Jerryd Bayless,MIN,30,34,31,100%,82,230,35.7,42.0,57.4%,53,132,40.2,42.6%,29,98,29.6,34,21,24.8%,25,57,43.9,43.9,24.8%,25,57,43.9,0.0%,0,0,-,37.333333333333336
214,Jerome Robinson,LAC,22,33,30,100%,44,110,40.0,48.2,48.2%,26,53,49.1,51.8%,18,57,31.6,33,17,26.4%,14,29,48.3,48.3,26.4%,14,29,48.3,0.0%,0,0,-,50.0
215,Jerian Grant,ORL,26,58,55,100%,89,215,41.4,50.7,49.3%,49,106,46.2,50.7%,40,109,36.7,58,24,20.0%,21,43,48.8,48.8,20.0%,21,43,48.8,0.0%,0,0,-,44.44444444444444
216,Jeremy Lin,TOR,30,74,74,100%,238,541,44.0,49.1,65.4%,183,354,51.7,34.6%,55,187,29.4,74,70,44.0%,130,238,54.6,54.6,44.0%,130,238,54.6,0.0%,0,0,-,45.689655172413794
217,Jeremy Lamb,CHA,26,79,79,100%,430,978,44.0,49.8,66.3%,315,648,48.6,33.7%,115,330,34.8,79,76,42.5%,201,416,48.3,48.3,42.5%,201,416,48.3,0.0%,0,0,-,49.137931034482754
218,Jerami Grant,OKC,25,79,79,100%,406,813,49.9,57.0,64.6%,291,525,55.4,35.4%,115,288,39.9,79,78,56.2%,265,457,58.0,58.0,56.2%,265,457,58.0,0.0%,0,0,-,38.23529411764706
219,Jeff Teague,MIN,30,42,42,100%,176,416,42.3,46.5,74.8%,141,311,45.3,25.2%,35,105,33.3,42,41,52.6%,103,219,47.0,47.0,52.6%,103,219,47.0,0.0%,0,0,-,41.30434782608695
220,Jeff Green,WAS,32,76,76,100%,326,682,47.8,55.9,53.5%,215,365,58.9,46.5%,111,317,35.0,76,68,35.0%,162,239,67.8,67.8,35.0%,162,239,67.8,0.0%,0,0,-,42.06349206349206
221,Jayson Tatum,BOS,21,79,79,100%,466,1036,45.0,50.6,70.0%,350,725,48.3,30.0%,116,311,37.3,79,78,37.5%,226,388,58.2,58.2,37.5%,226,388,58.2,0.0%,0,0,-,36.795252225519285
222,Jaylen Brown,BOS,22,74,74,100%,368,792,46.5,52.5,65.2%,273,516,52.9,34.8%,95,276,34.4,74,74,45.5%,206,360,57.2,57.2,45.5%,206,360,57.2,0.0%,0,0,-,42.94871794871795
223,Jaylen Adams,ATL,22,34,30,100%,38,110,34.5,45.9,32.7%,13,36,36.1,67.3%,25,74,33.8,34,15,20.0%,8,22,36.4,36.4,20.0%,8,22,36.4,0.0%,0,0,-,35.714285714285715
224,Jason Smith,NOP,33,20,19,100%,21,59,35.6,43.2,55.9%,12,33,36.4,44.1%,9,26,34.6,20,14,35.6%,9,21,42.9,42.9,35.6%,9,21,42.9,0.0%,0,0,-,25.0
225,Jarrett Allen,BKN,21,80,80,100%,334,567,58.9,59.4,92.1%,328,522,62.8,7.9%,6,45,13.3,80,79,91.0%,328,516,63.6,63.6,91.0%,328,516,63.6,0.0%,0,0,-,0.0
226,Jaron Blossomgame,CLE,25,27,26,100%,47,107,43.9,48.6,63.6%,37,68,54.4,36.4%,10,39,25.6,27,22,54.2%,34,58,58.6,58.6,54.2%,34,58,58.6,0.0%,0,0,-,30.0
227,Jaren Jackson Jr.,MEM,19,58,58,100%,298,590,50.5,54.8,75.9%,247,448,55.1,24.1%,51,142,35.9,58,58,68.3%,232,403,57.6,57.6,68.3%,232,403,57.6,0.0%,0,0,-,33.33333333333333
228,Jarell Martin,ORL,24,41,35,100%,43,104,41.3,51.0,45.2%,23,47,48.9,54.8%,20,57,35.1,41,18,23.1%,16,24,66.7,66.7,23.1%,16,24,66.7,0.0%,0,0,-,30.434782608695656
229,Jared Dudley,BKN,33,59,55,100%,101,239,42.3,53.3,36.8%,48,88,54.5,63.2%,53,151,35.1,59,36,27.6%,35,66,53.0,53.0,27.6%,35,66,53.0,0.0%,0,0,-,59.09090909090909
230,James Johnson,MIA,32,55,54,100%,164,379,43.3,49.9,60.7%,114,230,49.6,39.3%,50,149,33.6,55,52,49.3%,101,187,54.0,54.0,49.3%,101,187,54.0,0.0%,0,0,-,30.23255813953488
231,James Harden,HOU,29,78,78,100%,843,1909,44.2,54.1,46.1%,465,881,52.8,53.9%,378,1028,36.8,78,78,39.1%,408,746,54.7,54.7,39.1%,408,746,54.7,0.0%,0,0,-,42.22222222222222
232,James Ennis III,PHI,28,58,57,100%,138,294,46.9,56.3,46.9%,83,138,60.1,53.1%,55,156,35.3,58,53,43.9%,80,129,62.0,62.0,43.9%,80,129,62.0,0.0%,0,0,-,33.33333333333333
233,Jamal Murray,DEN,22,75,75,100%,508,1160,43.8,50.3,64.9%,358,753,47.5,35.1%,150,407,36.9,75,74,31.4%,186,364,51.1,51.1,31.4%,186,364,51.1,0.0%,0,0,-,44.2159383033419
234,Jamal Crawford,PHX,39,64,60,100%,174,438,39.7,47.4,53.9%,107,236,45.3,46.1%,67,202,33.2,64,29,10.0%,20,44,45.5,45.5,10.0%,20,44,45.5,0.0%,0,0,-,45.3125
235,Jalen Jones,CLE,25,16,14,100%,26,62,41.9,50.0,54.8%,16,34,47.1,45.2%,10,28,35.7,16,12,48.4%,16,30,53.3,53.3,48.4%,16,30,53.3,0.0%,0,0,-,0.0
236,Jalen Brunson,DAL,22,73,68,100%,263,564,46.6,52.2,67.9%,200,383,52.2,32.1%,63,181,34.8,73,63,44.1%,146,249,58.6,58.6,44.1%,146,249,58.6,0.0%,0,0,-,40.298507462686565
237,Jake Layman,POR,25,71,70,100%,216,424,50.9,57.9,57.3%,157,243,64.6,42.7%,59,181,32.6,71,60,46.9%,139,199,69.8,69.8,46.9%,139,199,69.8,0.0%,0,0,-,40.909090909090914
238,Jae Crowder,UTA,28,79,79,100%,309,783,39.5,50.2,34.6%,141,271,52.0,65.4%,168,512,32.8,79,71,26.2%,115,205,56.1,56.1,26.2%,115,205,56.1,0.0%,0,0,-,39.39393939393939
239,Jacob Evans,GSW,21,30,20,100%,18,52,34.6,38.5,71.2%,14,37,37.8,28.8%,4,15,26.7,30,9,25.0%,5,13,38.5,38.5,25.0%,5,13,38.5,0.0%,0,0,-,37.5
240,Jabari Parker,WAS,24,63,63,100%,365,738,49.5,53.6,73.7%,304,544,55.9,26.3%,61,194,31.4,63,61,50.9%,239,376,63.6,63.6,50.9%,239,376,63.6,0.0%,0,0,-,38.69047619047619
241,JaVale McGee,LAL,31,75,74,100%,390,628,62.1,62.2,98.1%,389,616,63.1,1.9%,1,12,8.3,75,74,88.9%,370,558,66.3,66.3,88.9%,370,558,66.3,0.0%,0,0,-,32.758620689655174
242,JaMychal Green,LAC,28,65,64,100%,230,476,48.3,55.8,63.0%,159,300,53.0,37.0%,71,176,40.3,65,62,48.5%,129,231,55.8,55.8,48.5%,129,231,55.8,0.0%,0,0,-,43.47826086956522
243,JaKarr Sampson,CHI,26,4,4,100%,29,53,54.7,59.4,73.6%,24,39,61.5,26.4%,5,14,35.7,4,4,56.6%,18,30,60.0,60.0,56.6%,18,30,60.0,0.0%,0,0,-,66.66666666666666
244,JJ Redick,PHI,34,75,75,100%,445,1014,43.9,55.5,41.3%,209,419,49.9,58.7%,236,595,39.7,75,64,12.0%,65,122,53.3,53.3,12.0%,65,122,53.3,0.0%,0,0,-,48.484848484848484
245,J.J. Barea,DAL,34,38,38,100%,161,385,41.8,46.8,66.8%,123,257,47.9,33.2%,38,128,29.7,38,38,39.0%,71,150,47.3,47.3,39.0%,71,150,47.3,0.0%,0,0,-,48.598130841121495
246,Ivan Rabb,MEM,22,49,45,100%,116,212,54.7,55.4,92.9%,113,197,57.4,7.1%,3,15,20.0,49,42,67.9%,95,144,66.0,66.0,67.9%,95,144,66.0,0.0%,0,0,-,33.9622641509434
247,Ish Smith,DET,30,56,55,100%,205,490,41.8,46.3,72.4%,161,355,45.4,27.6%,44,135,32.6,56,50,43.3%,105,212,49.5,49.5,43.3%,105,212,49.5,0.0%,0,0,-,39.16083916083916
248,Isaiah Thomas,DEN,30,12,11,100%,32,92,34.8,41.3,56.5%,20,52,38.5,43.5%,12,40,30.0,12,10,42.4%,15,39,38.5,38.5,42.4%,15,39,38.5,0.0%,0,0,-,38.46153846153847
249,Isaiah Canaan,MIL,27,30,29,100%,64,164,39.0,49.4,41.5%,30,68,44.1,58.5%,34,96,35.4,30,22,31.1%,20,51,39.2,39.2,31.1%,20,51,39.2,0.0%,0,0,-,58.82352941176471
250,Isaiah Briscoe,ORL,23,39,34,100%,55,138,39.9,43.8,75.4%,44,104,42.3,24.6%,11,34,32.4,39,29,44.2%,32,61,52.5,52.5,44.2%,32,61,52.5,0.0%,0,0,-,27.906976744186046
251,Iman Shumpert,HOU,28,62,62,100%,167,446,37.4,48.1,38.8%,72,173,41.6,61.2%,95,273,34.8,62,39,14.8%,37,66,56.1,56.1,14.8%,37,66,56.1,0.0%,0,0,-,32.71028037383177
252,Ian Mahinmi,WAS,32,33,33,100%,47,105,44.8,46.2,84.8%,44,89,49.4,15.2%,3,16,18.8,33,32,82.9%,44,87,50.6,50.6,82.9%,44,87,50.6,0.0%,0,0,-,0.0
253,Ian Clark,NOP,28,60,52,100%,151,383,39.4,48.0,47.3%,85,181,47.0,52.7%,66,202,32.7,60,37,24.0%,50,92,54.3,54.3,24.0%,50,92,54.3,0.0%,0,0,-,39.325842696629216
254,Henry Ellenson,NYK,22,19,19,100%,39,95,41.1,50.0,60.0%,22,57,38.6,40.0%,17,38,44.7,19,18,47.4%,18,45,40.0,40.0,47.4%,18,45,40.0,0.0%,0,0,-,33.33333333333333
255,Hassan Whiteside,MIA,29,72,72,100%,388,680,57.1,57.2,97.6%,386,664,58.1,2.4%,2,16,12.5,72,72,86.0%,358,585,61.2,61.2,86.0%,358,585,61.2,0.0%,0,0,-,35.44303797468354
256,Harrison Barnes,SAC,26,77,77,100%,431,1026,42.0,50.5,57.0%,257,585,43.9,43.0%,174,441,39.5,77,75,39.3%,199,403,49.4,49.4,39.3%,199,403,49.4,0.0%,0,0,-,31.868131868131865
257,Hamidou Diallo,OKC,20,50,46,100%,75,164,45.7,47.0,85.4%,71,140,50.7,14.6%,4,24,16.7,50,43,78.7%,67,129,51.9,51.9,78.7%,67,129,51.9,0.0%,0,0,-,36.36363636363637
258,Guerschon Yabusele,BOS,23,41,32,100%,35,77,45.5,51.3,63.6%,26,49,53.1,36.4%,9,28,32.1,41,26,55.8%,24,43,55.8,55.8,55.8%,24,43,55.8,0.0%,0,0,-,33.33333333333333
259,Grayson Allen,UTA,23,38,35,100%,67,178,37.6,46.6,44.4%,35,79,44.3,55.6%,32,99,32.3,38,20,28.7%,25,51,49.0,49.0,28.7%,25,51,49.0,0.0%,0,0,-,35.714285714285715
260,Gorgui Dieng,MIN,29,76,74,100%,189,377,50.1,52.7,85.1%,170,321,53.0,14.9%,19,56,33.9,76,58,36.9%,84,139,60.4,60.4,36.9%,84,139,60.4,0.0%,0,0,-,47.25274725274725
261,Gordon Hayward,BOS,29,72,71,100%,296,637,46.5,52.5,63.7%,219,406,53.9,36.3%,77,231,33.3,72,67,34.9%,140,222,63.1,63.1,34.9%,140,222,63.1,0.0%,0,0,-,42.934782608695656
262,Goran Dragic,MIA,32,36,36,100%,179,432,41.4,48.0,62.3%,122,269,45.4,37.7%,57,163,35.0,36,36,40.7%,89,176,50.6,50.6,40.7%,89,176,50.6,0.0%,0,0,-,35.483870967741936
263,Glenn Robinson III,DET,25,47,42,100%,74,175,42.3,47.4,65.1%,56,114,49.1,34.9%,18,61,29.5,47,34,44.0%,38,77,49.4,49.4,44.0%,38,77,49.4,0.0%,0,0,-,48.64864864864865
264,Giannis Antetokounmpo,MIL,24,72,72,100%,721,1248,57.8,59.9,83.7%,669,1045,64.0,16.3%,52,203,25.6,72,72,70.4%,611,879,69.5,69.5,70.4%,611,879,69.5,0.0%,0,0,-,34.93975903614458
265,Gerald Green,HOU,33,73,72,100%,231,576,40.1,53.6,23.6%,75,136,55.1,76.4%,156,440,35.5,73,44,15.5%,56,89,62.9,62.9,15.5%,56,89,62.9,0.0%,0,0,-,40.42553191489361
266,Georges Niang,UTA,25,59,53,100%,86,181,47.5,59.4,42.0%,43,76,56.6,58.0%,43,105,41.0,59,35,34.3%,35,62,56.5,56.5,34.3%,35,62,56.5,0.0%,0,0,-,57.14285714285714
267,George Hill,MIL,32,60,60,100%,170,376,45.2,51.6,59.3%,122,223,54.7,40.7%,48,153,31.4,60,53,38.6%,85,145,58.6,58.6,38.6%,85,145,58.6,0.0%,0,0,-,47.43589743589743
268,Gary Trent Jr.,POR,20,15,12,100%,16,50,32.0,37.0,58.0%,11,29,37.9,42.0%,5,21,23.8,15,6,22.0%,3,11,27.3,27.3,22.0%,3,11,27.3,0.0%,0,0,-,44.44444444444444
269,Gary Harris,DEN,24,57,57,100%,263,625,42.1,48.6,61.8%,182,386,47.2,38.2%,81,239,33.9,57,54,41.9%,135,262,51.5,51.5,41.9%,135,262,51.5,0.0%,0,0,-,37.903225806451616
270,Gary Clark,HOU,24,51,42,100%,50,151,33.1,46.7,8.6%,9,13,69.2,91.4%,41,138,29.7,51,10,8.6%,9,13,69.2,69.2,8.6%,9,13,69.2,0.0%,0,0,-,
271,Garrett Temple,LAC,32,75,75,100%,208,492,42.3,51.4,46.3%,118,228,51.8,53.7%,90,264,34.1,75,66,30.1%,89,148,60.1,60.1,30.1%,89,148,60.1,0.0%,0,0,-,36.25
272,Furkan Korkmaz,PHI,21,48,45,100%,98,245,40.0,49.6,41.2%,51,101,50.5,58.8%,47,144,32.6,48,36,25.7%,38,63,60.3,60.3,25.7%,38,63,60.3,0.0%,0,0,-,34.21052631578947
273,Fred VanVleet,TOR,25,64,64,100%,245,598,41.0,50.3,50.5%,133,302,44.0,49.5%,112,296,37.8,64,59,32.6%,92,195,47.2,47.2,32.6%,92,195,47.2,0.0%,0,0,-,38.31775700934579
274,Frank Ntilikina,NYK,20,42,41,100%,94,272,34.6,40.4,58.8%,62,160,38.8,41.2%,32,112,28.6,42,32,26.1%,29,71,40.8,40.8,26.1%,29,71,40.8,0.0%,0,0,-,37.07865168539326
275,Frank Mason,SAC,25,38,36,100%,71,169,42.0,46.2,62.1%,57,105,54.3,37.9%,14,64,21.9,38,30,39.6%,41,67,61.2,61.2,39.6%,41,67,61.2,0.0%,0,0,-,42.10526315789473
276,Frank Kaminsky,CHA,26,47,44,100%,138,298,46.3,54.7,53.4%,88,159,55.3,46.6%,50,139,36.0,47,41,46.3%,85,138,61.6,61.6,46.3%,85,138,61.6,0.0%,0,0,-,14.285714285714285
277,Frank Jackson,NOP,20,61,57,100%,194,448,43.3,49.2,62.1%,141,278,50.7,37.9%,53,170,31.2,61,50,46.7%,118,209,56.5,56.5,46.7%,118,209,56.5,0.0%,0,0,-,33.33333333333333
278,Evan Turner,POR,30,73,71,100%,204,442,46.2,47.4,88.2%,193,390,49.5,11.8%,11,52,21.2,73,63,46.6%,113,206,54.9,54.9,46.6%,113,206,54.9,0.0%,0,0,-,43.47826086956522
279,Evan Fournier,ORL,26,79,79,100%,453,1038,43.6,50.9,57.9%,303,601,50.4,42.1%,150,437,34.3,79,76,34.4%,200,357,56.0,56.0,34.4%,200,357,56.0,0.0%,0,0,-,42.21311475409836
280,Ersan Ilyasova,MIL,31,67,66,100%,167,382,43.7,51.3,58.1%,109,222,49.1,41.9%,58,160,36.3,67,53,44.0%,92,168,54.8,54.8,44.0%,92,168,54.8,0.0%,0,0,-,31.48148148148148
281,Eric Gordon,HOU,30,68,68,100%,384,937,41.0,52.5,36.1%,168,338,49.7,63.9%,216,599,36.1,68,66,32.7%,159,306,52.0,52.0,32.7%,159,306,52.0,0.0%,0,0,-,28.125
282,Eric Bledsoe,MIL,29,78,77,100%,470,972,48.4,54.7,61.2%,346,595,58.2,38.8%,124,377,32.9,78,77,51.0%,309,496,62.3,62.3,51.0%,309,496,62.3,0.0%,0,0,-,37.37373737373738
283,Enes Kanter,POR,26,67,67,100%,372,676,55.0,55.8,95.0%,362,642,56.4,5.0%,10,34,29.4,67,67,86.4%,345,584,59.1,59.1,86.4%,345,584,59.1,0.0%,0,0,-,29.310344827586203
284,Emmanuel Mudiay,NYK,23,58,57,100%,313,713,43.9,48.6,71.2%,246,508,48.4,28.8%,67,205,32.7,58,56,39.1%,138,279,49.5,49.5,39.1%,138,279,49.5,0.0%,0,0,-,47.161572052401745
285,Elie Okobo,PHX,21,53,50,100%,114,290,39.3,46.0,54.5%,75,158,47.5,45.5%,39,132,29.5,53,40,35.5%,59,103,57.3,57.3,35.5%,59,103,57.3,0.0%,0,0,-,29.09090909090909
286,Elfrid Payton,NOP,25,42,42,100%,179,411,43.6,47.6,74.7%,146,307,47.6,25.3%,33,104,31.7,42,42,70.8%,139,291,47.8,47.8,70.8%,139,291,47.8,0.0%,0,0,-,43.75
287,Edmond Sumner,IND,23,23,16,100%,22,64,34.4,39.8,57.8%,15,37,40.5,42.2%,7,27,25.9,23,12,48.4%,12,31,38.7,38.7,48.4%,12,31,38.7,0.0%,0,0,-,50.0
288,E'Twaun Moore,NOP,30,53,53,100%,256,532,48.1,55.3,66.9%,180,356,50.6,33.1%,76,176,43.2,53,48,44.9%,130,239,54.4,54.4,44.9%,130,239,54.4,0.0%,0,0,-,42.73504273504273
289,Dwyane Wade,MIA,37,72,72,100%,416,958,43.4,47.9,72.9%,330,698,47.3,27.1%,86,260,33.1,72,72,41.2%,215,395,54.4,54.4,41.2%,215,395,54.4,0.0%,0,0,-,37.95379537953795
290,Dwight Powell,DAL,27,77,77,100%,290,485,59.8,63.8,73.8%,251,358,70.1,26.2%,39,127,30.7,77,75,70.3%,249,341,73.0,73.0,70.3%,249,341,73.0,0.0%,0,0,-,11.76470588235294
291,Dwayne Bacon,CHA,23,43,36,100%,122,257,47.5,54.9,66.1%,84,170,49.4,33.9%,38,87,43.7,43,30,45.1%,66,116,56.9,56.9,45.1%,66,116,56.9,0.0%,0,0,-,33.33333333333333
292,Draymond Green,GSW,29,66,66,100%,180,410,43.9,49.3,61.2%,136,251,54.2,38.8%,44,159,27.7,66,61,48.5%,117,199,58.8,58.8,48.5%,117,199,58.8,0.0%,0,0,-,36.53846153846153
293,Dragan Bender,PHX,21,46,42,100%,88,197,44.7,50.3,48.7%,66,96,68.8,51.3%,22,101,21.8,46,31,47.2%,65,93,69.9,69.9,47.2%,65,93,69.9,0.0%,0,0,-,33.33333333333333
294,Doug McDermott,IND,27,77,77,100%,207,423,48.9,58.9,51.3%,123,217,56.7,48.7%,84,206,40.8,77,58,34.0%,94,144,65.3,65.3,34.0%,94,144,65.3,0.0%,0,0,-,39.726027397260275
295,Dorian Finney-Smith,DAL,25,81,80,100%,228,528,43.2,50.7,51.9%,149,274,54.4,48.1%,79,254,31.1,81,74,44.5%,138,235,58.7,58.7,44.5%,138,235,58.7,0.0%,0,0,-,28.205128205128204
296,Donte DiVincenzo,MIL,22,27,25,100%,50,124,40.3,49.2,33.1%,28,41,68.3,66.9%,22,83,26.5,27,20,28.2%,26,35,74.3,74.3,28.2%,26,35,74.3,0.0%,0,0,-,33.33333333333333
297,Donovan Mitchell,UTA,22,76,76,100%,643,1494,43.0,49.2,65.8%,460,983,46.8,34.2%,183,511,35.8,76,76,45.6%,330,681,48.5,48.5,45.6%,330,681,48.5,0.0%,0,0,-,43.04635761589404
298,Domantas Sabonis,IND,22,74,74,100%,413,702,58.8,59.5,97.6%,404,685,59.0,2.4%,9,17,52.9,74,74,76.8%,349,539,64.7,64.7,76.8%,349,539,64.7,0.0%,0,0,-,37.67123287671233
299,Dirk Nowitzki,DAL,40,51,50,100%,135,376,35.9,44.4,45.5%,71,171,41.5,54.5%,64,205,31.2,51,11,4.0%,6,15,40.0,40.0,4.0%,6,15,40.0,0.0%,0,0,-,41.66666666666667
300,Dion Waiters,MIA,27,44,44,100%,198,479,41.3,52.7,39.7%,89,190,46.8,60.3%,109,289,37.7,44,40,28.8%,70,138,50.7,50.7,28.8%,70,138,50.7,0.0%,0,0,-,36.53846153846153
301,Dillon Brooks,MEM,23,18,18,100%,49,122,40.2,46.3,67.2%,34,82,41.5,32.8%,15,40,37.5,18,17,47.5%,27,58,46.6,46.6,47.5%,27,58,46.6,0.0%,0,0,-,29.166666666666668
302,Dewayne Dedmon,ATL,29,64,64,100%,259,526,49.2,57.1,58.7%,176,309,57.0,41.3%,83,217,38.2,64,63,49.4%,160,260,61.5,61.5,49.4%,160,260,61.5,0.0%,0,0,-,32.6530612244898
303,Devonte' Graham,CHA,24,46,42,100%,74,216,34.3,42.1,44.0%,40,95,42.1,56.0%,34,121,28.1,46,28,25.9%,27,56,48.2,48.2,25.9%,27,56,48.2,0.0%,0,0,-,33.33333333333333
304,Devin Harris,DAL,36,68,68,100%,132,347,38.0,47.0,42.4%,70,147,47.6,57.6%,62,200,31.0,68,54,33.7%,62,117,53.0,53.0,33.7%,62,117,53.0,0.0%,0,0,-,26.666666666666668
305,Devin Booker,PHX,22,64,64,100%,585,1254,46.7,52.0,67.0%,450,840,53.6,33.0%,135,414,32.6,64,64,34.8%,257,437,58.8,58.8,34.8%,257,437,58.8,0.0%,0,0,-,47.8908188585608
306,Derrick White,SAS,24,67,65,100%,260,543,47.9,52.3,73.8%,212,401,52.9,26.2%,48,142,33.8,67,63,47.1%,143,256,55.9,55.9,47.1%,143,256,55.9,0.0%,0,0,-,47.58620689655172
307,Derrick Rose,MIN,30,51,51,100%,363,753,48.2,51.8,80.6%,309,607,50.9,19.4%,54,146,37.0,51,49,45.6%,187,343,54.5,54.5,45.6%,187,343,54.5,0.0%,0,0,-,46.21212121212121
308,Derrick Jones Jr.,MIA,22,60,58,100%,160,325,49.2,53.5,72.0%,132,234,56.4,28.0%,28,91,30.8,60,57,69.8%,130,227,57.3,57.3,69.8%,130,227,57.3,0.0%,0,0,-,28.57142857142857
309,Derrick Favors,UTA,27,75,73,100%,352,600,58.7,60.1,87.0%,335,522,64.2,13.0%,17,78,21.8,75,73,73.5%,302,441,68.5,68.5,73.5%,302,441,68.5,0.0%,0,0,-,40.74074074074074
310,Deonte Burton,OKC,25,32,25,100%,33,82,40.2,45.1,67.1%,25,55,45.5,32.9%,8,27,29.6,32,17,52.4%,20,43,46.5,46.5,52.4%,20,43,46.5,0.0%,0,0,-,41.66666666666667
311,Dennis Smith Jr.,NYK,21,53,53,100%,278,650,42.8,47.9,68.0%,211,442,47.7,32.0%,67,208,32.2,53,53,46.6%,162,303,53.5,53.5,46.6%,162,303,53.5,0.0%,0,0,-,35.25179856115108
312,Dennis Schroder,OKC,25,78,78,100%,449,1085,41.4,47.0,67.0%,328,727,45.1,33.0%,121,358,33.8,78,77,35.6%,182,386,47.2,47.2,35.6%,182,386,47.2,0.0%,0,0,-,42.81524926686217
313,Delon Wright,MEM,27,75,73,100%,241,556,43.3,47.8,70.0%,191,389,49.1,30.0%,50,167,29.9,75,71,60.4%,178,336,53.0,53.0,60.4%,178,336,53.0,0.0%,0,0,-,24.528301886792452
314,DeMarre Carroll,BKN,32,67,66,100%,225,573,39.3,48.4,45.9%,120,263,45.6,54.1%,105,310,33.9,67,64,36.0%,101,206,49.0,49.0,36.0%,101,206,49.0,0.0%,0,0,-,33.33333333333333
315,DeMarcus Cousins,GSW,28,30,30,100%,174,363,47.9,51.5,74.1%,148,269,55.0,25.9%,26,94,27.7,30,30,66.4%,138,241,57.3,57.3,66.4%,138,241,57.3,0.0%,0,0,-,35.714285714285715
316,DeMar DeRozan,SAS,29,77,77,100%,631,1313,48.1,48.3,96.6%,624,1268,49.2,3.4%,7,45,15.6,77,77,43.1%,325,566,57.4,57.4,43.1%,325,566,57.4,0.0%,0,0,-,42.592592592592595
317,DeAndre' Bembry,ATL,24,82,82,100%,275,617,44.6,48.6,72.0%,225,444,50.7,28.0%,50,173,28.9,82,82,66.5%,217,410,52.9,52.9,66.5%,217,410,52.9,0.0%,0,0,-,23.52941176470588
318,De'Anthony Melton,PHX,20,50,46,100%,100,256,39.1,44.7,62.9%,71,161,44.1,37.1%,29,95,30.5,50,36,43.0%,58,110,52.7,52.7,43.0%,58,110,52.7,0.0%,0,0,-,25.49019607843137
319,De'Aaron Fox,SAC,21,81,81,100%,505,1099,46.0,49.9,78.9%,419,867,48.3,21.1%,86,232,37.1,81,81,49.9%,303,548,55.3,55.3,49.9%,303,548,55.3,0.0%,0,0,-,36.36363636363637
320,Davis Bertans,SAS,26,76,76,100%,204,453,45.0,61.0,25.4%,59,115,51.3,74.6%,145,338,42.9,76,40,13.9%,37,63,58.7,58.7,13.9%,37,63,58.7,0.0%,0,0,-,42.30769230769231
321,David Nwaba,CLE,26,51,49,100%,123,259,47.5,52.1,71.4%,99,185,53.5,28.6%,24,74,32.4,51,45,65.6%,92,170,54.1,54.1,65.6%,92,170,54.1,0.0%,0,0,-,46.666666666666664
322,Darren Collison,IND,31,76,76,100%,308,659,46.7,52.7,70.6%,229,465,49.2,29.4%,79,194,40.7,76,67,30.7%,110,202,54.5,54.5,30.7%,110,202,54.5,0.0%,0,0,-,45.247148288973385
323,Darius Miller,NOP,29,69,69,100%,189,484,39.0,52.8,24.8%,56,120,46.7,75.2%,133,364,36.5,69,26,6.6%,20,32,62.5,62.5,6.6%,20,32,62.5,0.0%,0,0,-,40.909090909090914
324,Dario Saric,MIN,25,81,81,100%,304,696,43.7,52.2,53.6%,186,373,49.9,46.4%,118,323,36.5,81,78,40.4%,159,281,56.6,56.6,40.4%,159,281,56.6,0.0%,0,0,-,29.347826086956523
325,Danuel House Jr.,HOU,25,39,39,100%,118,252,46.8,61.5,29.4%,44,74,59.5,70.6%,74,178,41.6,39,29,28.2%,43,71,60.6,60.6,28.2%,43,71,60.6,0.0%,0,0,-,33.33333333333333
326,Dante Exum,UTA,23,41,39,100%,100,236,42.4,46.2,73.7%,82,174,47.1,26.3%,18,62,29.0,41,37,68.6%,78,162,48.1,48.1,68.6%,78,162,48.1,0.0%,0,0,-,33.33333333333333
327,Dante Cunningham,SAS,32,64,55,100%,75,158,47.5,57.0,58.9%,45,93,48.4,41.1%,30,65,46.2,64,39,44.9%,39,71,54.9,54.9,44.9%,39,71,54.9,0.0%,0,0,-,27.27272727272727
328,Danny Green,TOR,31,80,80,100%,293,630,46.5,62.2,31.0%,95,195,48.7,69.0%,198,435,45.5,80,60,18.7%,61,118,51.7,51.7,18.7%,61,118,51.7,0.0%,0,0,-,44.15584415584416
329,Danilo Gallinari,LAC,30,68,68,100%,409,883,46.3,55.4,57.9%,248,511,48.5,42.1%,161,372,43.3,68,66,31.4%,152,277,54.9,54.9,31.4%,152,277,54.9,0.0%,0,0,-,41.02564102564102
330,Daniel Theis,BOS,27,66,61,100%,146,267,54.7,59.6,74.9%,120,200,60.0,25.1%,26,67,38.8,66,52,58.1%,105,155,67.7,67.7,58.1%,105,155,67.7,0.0%,0,0,-,33.33333333333333
331,Daniel Hamilton,ATL,23,19,18,100%,23,60,38.3,45.0,61.7%,15,37,40.5,38.3%,8,23,34.8,19,13,51.7%,14,31,45.2,45.2,51.7%,14,31,45.2,0.0%,0,0,-,16.666666666666664
332,Damyean Dotson,NYK,24,72,72,100%,284,689,41.2,50.1,50.9%,161,351,45.9,49.1%,123,338,36.4,72,59,21.0%,73,145,50.3,50.3,21.0%,73,145,50.3,0.0%,0,0,-,42.71844660194174
333,Damion Lee,GSW,26,32,29,100%,56,127,44.1,54.7,46.5%,29,59,49.2,53.5%,27,68,39.7,32,12,19.7%,13,25,52.0,52.0,19.7%,13,25,52.0,0.0%,0,0,-,47.05882352941176
334,Damian Lillard,POR,28,80,80,100%,679,1528,44.4,52.2,58.2%,443,889,49.8,41.8%,236,639,36.9,80,80,34.8%,281,531,52.9,52.9,34.8%,281,531,52.9,0.0%,0,0,-,45.2513966480447
335,D.J. Wilson,MIL,23,48,45,100%,103,249,41.4,50.6,49.0%,57,122,46.7,51.0%,46,127,36.2,48,35,34.1%,44,85,51.8,51.8,34.1%,44,85,51.8,0.0%,0,0,-,35.13513513513514
336,D.J. Augustin,ORL,31,79,79,100%,310,661,46.9,56.4,54.2%,184,358,51.4,45.8%,126,303,41.6,79,75,40.8%,145,270,53.7,53.7,40.8%,145,270,53.7,0.0%,0,0,-,44.31818181818182
337,D'Angelo Russell,BKN,23,81,81,100%,659,1517,43.4,51.2,58.1%,425,882,48.2,41.9%,234,635,36.9,81,78,28.7%,222,436,50.9,50.9,28.7%,222,436,50.9,0.0%,0,0,-,45.51569506726457
338,Courtney Lee,DAL,33,34,32,100%,53,129,41.1,47.3,57.4%,37,74,50.0,42.6%,16,55,29.1,34,20,20.9%,16,27,59.3,59.3,20.9%,16,27,59.3,0.0%,0,0,-,44.680851063829785
339,Cory Joseph,IND,27,82,82,100%,226,548,41.2,46.3,68.8%,171,377,45.4,31.2%,55,171,32.2,82,67,28.5%,80,156,51.3,51.3,28.5%,80,156,51.3,0.0%,0,0,-,41.17647058823529
340,Corey Brewer,SAC,33,31,29,100%,53,123,43.1,48.8,64.2%,39,79,49.4,35.8%,14,44,31.8,31,24,55.3%,37,68,54.4,54.4,55.3%,37,68,54.4,0.0%,0,0,-,18.181818181818183
341,Collin Sexton,CLE,20,82,82,100%,512,1189,43.1,48.0,75.6%,395,899,43.9,24.4%,117,290,40.3,82,81,39.4%,227,468,48.5,48.5,39.4%,227,468,48.5,0.0%,0,0,-,38.97911832946635
342,Cody Zeller,CHA,26,49,49,100%,190,345,55.1,55.9,93.6%,184,323,57.0,6.4%,6,22,27.3,49,48,86.1%,173,297,58.2,58.2,86.1%,173,297,58.2,0.0%,0,0,-,42.30769230769231
343,Christian Wood,NOP,23,21,19,100%,61,117,52.1,56.0,77.8%,52,91,57.1,22.2%,9,26,34.6,21,17,65.0%,44,76,57.9,57.9,65.0%,44,76,57.9,0.0%,0,0,-,53.333333333333336
344,Chris Paul,HOU,33,58,58,100%,301,717,42.0,50.8,50.6%,174,363,47.9,49.4%,127,354,35.9,58,48,19.4%,67,139,48.2,48.2,19.4%,67,139,48.2,0.0%,0,0,-,47.767857142857146
345,Chris Boucher,TOR,26,28,28,100%,34,76,44.7,52.6,51.3%,22,39,56.4,48.7%,12,37,32.4,28,20,50.0%,22,38,57.9,57.9,50.0%,22,38,57.9,0.0%,0,0,-,0.0
346,Chasson Randle,WAS,26,48,47,100%,89,209,42.6,53.6,45.9%,43,96,44.8,54.1%,46,113,40.7,48,35,37.3%,40,78,51.3,51.3,37.3%,40,78,51.3,0.0%,0,0,-,16.666666666666664
347,Channing Frye,CLE,35,36,31,100%,43,116,37.1,50.9,31.9%,11,37,29.7,68.1%,32,79,40.5,36,11,13.8%,7,16,43.8,43.8,13.8%,7,16,43.8,0.0%,0,0,-,19.047619047619047
348,Chandler Parsons,MEM,30,25,25,100%,67,181,37.0,44.8,48.6%,39,88,44.3,51.4%,28,93,30.1,25,21,28.7%,26,52,50.0,50.0,28.7%,26,52,50.0,0.0%,0,0,-,36.11111111111111
349,Chandler Hutchison,CHI,23,44,44,100%,96,209,45.9,49.3,76.1%,82,159,51.6,23.9%,14,50,28.0,44,41,68.4%,77,143,53.8,53.8,68.4%,77,143,53.8,0.0%,0,0,-,31.25
350,Cedi Osman,CLE,24,76,76,100%,353,831,42.5,50.2,55.6%,225,462,48.7,44.4%,128,369,34.7,76,72,38.4%,172,319,53.9,53.9,38.4%,172,319,53.9,0.0%,0,0,-,37.06293706293706
351,Carmelo Anthony,HOU,34,10,10,100%,49,121,40.5,49.2,47.1%,28,57,49.1,52.9%,21,64,32.8,10,9,19.0%,13,23,56.5,56.5,19.0%,13,23,56.5,0.0%,0,0,-,44.11764705882353
352,Caris LeVert,BKN,24,40,40,100%,207,483,42.9,47.8,68.1%,159,329,48.3,31.9%,48,154,31.2,40,40,53.2%,136,257,52.9,52.9,53.2%,136,257,52.9,0.0%,0,0,-,31.944444444444443
353,Cameron Reynolds,MIN,24,19,18,100%,33,78,42.3,55.8,34.6%,12,27,44.4,65.4%,21,51,41.2,19,9,21.8%,8,17,47.1,47.1,21.8%,8,17,47.1,0.0%,0,0,-,40.0
354,Cameron Payne,CLE,24,40,37,100%,96,223,43.0,48.7,62.3%,71,139,51.1,37.7%,25,84,29.8,40,28,39.0%,50,87,57.5,57.5,39.0%,50,87,57.5,0.0%,0,0,-,40.38461538461539
355,CJ Miles,MEM,32,53,51,100%,112,309,36.2,47.1,34.3%,45,106,42.5,65.7%,67,203,33.0,53,32,19.4%,25,60,41.7,41.7,19.4%,25,60,41.7,0.0%,0,0,-,43.47826086956522
356,CJ McCollum,POR,27,70,70,100%,568,1238,45.9,52.6,64.2%,402,795,50.6,35.8%,166,443,37.5,70,70,29.3%,185,363,51.0,51.0,29.3%,185,363,51.0,0.0%,0,0,-,50.231481481481474
357,C.J. Williams,MIN,29,15,13,100%,17,35,48.6,55.7,54.3%,12,19,63.2,45.7%,5,16,31.3,15,6,34.3%,6,12,50.0,50.0,34.3%,6,12,50.0,0.0%,0,0,-,85.71428571428571
358,Buddy Hield,SAC,26,82,82,100%,623,1361,45.8,56.0,52.2%,345,710,48.6,47.8%,278,651,42.7,82,80,26.4%,198,359,55.2,55.2,26.4%,198,359,55.2,0.0%,0,0,-,41.88034188034188
359,Bryn Forbes,SAS,25,82,82,100%,361,791,45.6,56.8,47.8%,185,378,48.9,52.2%,176,413,42.6,82,71,21.7%,90,172,52.3,52.3,21.7%,90,172,52.3,0.0%,0,0,-,46.116504854368934
360,Bruno Caboclo,MEM,23,34,34,100%,96,225,42.7,53.3,42.2%,48,95,50.5,57.8%,48,130,36.9,34,29,40.4%,45,91,49.5,49.5,40.4%,45,91,49.5,0.0%,0,0,-,75.0
361,Bruce Brown,DET,22,74,71,100%,125,315,39.7,43.5,70.5%,101,222,45.5,29.5%,24,93,25.8,74,64,65.4%,95,206,46.1,46.1,65.4%,95,206,46.1,0.0%,0,0,-,37.5
362,Brook Lopez,MIL,31,81,81,100%,354,784,45.2,57.0,34.8%,168,273,61.5,65.2%,186,511,36.4,81,72,25.9%,138,203,68.0,68.0,25.9%,138,203,68.0,0.0%,0,0,-,42.857142857142854
363,Brandon Sampson,CHI,22,14,13,100%,28,60,46.7,55.8,51.7%,17,31,54.8,48.3%,11,29,37.9,14,11,43.3%,15,26,57.7,57.7,43.3%,15,26,57.7,0.0%,0,0,-,40.0
364,Brandon Knight,CLE,27,39,38,100%,96,253,37.9,46.0,50.2%,55,127,43.3,49.8%,41,126,32.5,39,29,26.5%,30,67,44.8,44.8,26.5%,30,67,44.8,0.0%,0,0,-,41.66666666666667
365,Brandon Ingram,LAL,21,52,52,100%,362,727,49.8,51.9,87.1%,331,633,52.3,12.9%,31,94,33.0,52,51,48.7%,211,354,59.6,59.6,48.7%,211,354,59.6,0.0%,0,0,-,43.01075268817204
366,Bradley Beal,WAS,25,81,81,100%,744,1560,47.7,54.3,62.6%,538,977,55.1,37.4%,206,583,35.3,81,81,36.6%,363,571,63.6,63.6,36.6%,363,571,63.6,0.0%,0,0,-,43.103448275862064
367,Brad Wanamaker,BOS,29,36,32,100%,50,105,47.6,55.2,62.9%,34,66,51.5,37.1%,16,39,41.0,36,22,37.1%,24,39,61.5,61.5,37.1%,24,39,61.5,0.0%,0,0,-,37.03703703703704
368,Bonzie Colson,MIL,23,8,6,100%,13,39,33.3,39.7,46.2%,8,18,44.4,53.8%,5,21,23.8,8,4,38.5%,7,15,46.7,46.7,38.5%,7,15,46.7,0.0%,0,0,-,33.33333333333333
369,Bojan Bogdanovic,IND,30,81,81,100%,522,1050,49.7,57.5,63.2%,358,664,53.9,36.8%,164,386,42.5,81,81,43.8%,272,460,59.1,59.1,43.8%,272,460,59.1,0.0%,0,0,-,42.15686274509804
370,Bogdan Bogdanovic,SAC,26,70,70,100%,361,863,41.8,49.6,56.9%,227,491,46.2,43.1%,134,372,36.0,70,69,32.1%,139,277,50.2,50.2,32.1%,139,277,50.2,0.0%,0,0,-,41.1214953271028
371,Bobby Portis,WAS,24,49,49,100%,265,601,44.1,49.9,69.7%,195,419,46.5,30.3%,70,182,38.5,49,48,50.4%,153,303,50.5,50.5,50.4%,153,303,50.5,0.0%,0,0,-,36.206896551724135
372,Blake Griffin,DET,30,75,75,100%,619,1341,46.2,53.2,61.1%,430,819,52.5,38.9%,189,522,36.2,75,75,52.6%,400,706,56.7,56.7,52.6%,400,706,56.7,0.0%,0,0,-,26.548672566371685
373,Bam Adebayo,MIA,21,82,82,100%,280,486,57.6,57.9,96.9%,277,471,58.8,3.1%,3,15,20.0,82,82,81.7%,249,397,62.7,62.7,81.7%,249,397,62.7,0.0%,0,0,-,37.83783783783784
374,Avery Bradley,MEM,28,63,63,100%,248,608,40.8,47.9,59.7%,162,363,44.6,40.3%,86,245,35.1,63,58,25.0%,65,152,42.8,42.8,25.0%,65,152,42.8,0.0%,0,0,-,45.97156398104265
375,Austin Rivers,HOU,26,76,76,100%,232,572,40.6,49.7,42.8%,128,245,52.2,57.2%,104,327,31.8,76,73,38.5%,119,220,54.1,54.1,38.5%,119,220,54.1,0.0%,0,0,-,36.0
376,Aron Baynes,BOS,32,51,49,100%,105,223,47.1,51.8,72.6%,84,162,51.9,27.4%,21,61,34.4,51,41,62.3%,75,139,54.0,54.0,62.3%,75,139,54.0,0.0%,0,0,-,39.130434782608695
377,Antonio Blakeney,CHI,22,57,53,100%,166,396,41.9,46.5,76.8%,130,304,42.8,23.2%,36,92,39.1,57,42,30.1%,67,119,56.3,56.3,30.1%,67,119,56.3,0.0%,0,0,-,34.054054054054056
378,Anthony Tolliver,MIN,33,65,58,100%,99,259,38.2,53.9,17.0%,18,44,40.9,83.0%,81,215,37.7,65,23,12.7%,14,33,42.4,42.4,12.7%,14,33,42.4,0.0%,0,0,-,36.36363636363637
379,Anthony Davis,NOP,26,56,56,100%,530,1026,51.7,54.0,85.9%,482,881,54.7,14.1%,48,145,33.1,56,56,58.2%,375,597,62.8,62.8,58.2%,375,597,62.8,0.0%,0,0,-,37.67605633802817
380,Anfernee Simons,POR,19,20,15,100%,28,63,44.4,52.4,54.0%,18,34,52.9,46.0%,10,29,34.5,20,10,30.2%,11,19,57.9,57.9,30.2%,11,19,57.9,0.0%,0,0,-,46.666666666666664
381,Andrew Wiggins,MIN,24,73,73,100%,497,1209,41.1,46.0,71.2%,379,861,44.0,28.8%,118,348,33.9,73,73,40.3%,256,487,52.6,52.6,40.3%,256,487,52.6,0.0%,0,0,-,32.887700534759354
382,Andrew Harrison,NOP,24,17,15,100%,16,53,30.2,34.9,52.8%,11,28,39.3,47.2%,5,25,20.0,17,11,34.0%,9,18,50.0,50.0,34.0%,9,18,50.0,0.0%,0,0,-,20.0
383,Andre Iguodala,GSW,35,68,65,100%,151,302,50.0,57.9,52.3%,103,158,65.2,47.7%,48,144,33.3,68,50,39.1%,92,118,78.0,78.0,39.1%,92,118,78.0,0.0%,0,0,-,27.500000000000004
384,Andre Drummond,DET,25,79,79,100%,560,1050,53.3,53.6,96.4%,555,1012,54.8,3.6%,5,38,13.2,79,79,91.1%,538,957,56.2,56.2,91.1%,538,957,56.2,0.0%,0,0,-,30.909090909090907
385,Amir Johnson,PHI,32,51,46,100%,79,157,50.3,54.1,74.5%,67,117,57.3,25.5%,12,40,30.0,51,44,71.3%,64,112,57.1,57.1,71.3%,64,112,57.1,0.0%,0,0,-,60.0
386,Allonzo Trier,NYK,23,63,63,100%,227,508,44.7,49.7,74.4%,176,378,46.6,25.6%,51,130,39.2,63,57,43.9%,118,223,52.9,52.9,43.9%,118,223,52.9,0.0%,0,0,-,37.41935483870968
387,Allen Crabbe,BKN,27,43,43,100%,137,373,36.7,49.9,30.6%,39,114,34.2,69.4%,98,259,37.8,43,32,14.5%,23,54,42.6,42.6,14.5%,23,54,42.6,0.0%,0,0,-,26.666666666666668
388,Alfonzo McKinnie,GSW,26,72,65,100%,134,275,48.7,56.4,57.5%,92,158,58.2,42.5%,42,117,35.9,72,54,49.8%,84,137,61.3,61.3,49.8%,84,137,61.3,0.0%,0,0,-,38.095238095238095
389,Alex Poythress,ATL,25,21,17,100%,40,81,49.4,54.9,71.6%,31,58,53.4,28.4%,9,23,39.1,21,15,69.1%,31,56,55.4,55.4,69.1%,31,56,55.4,0.0%,0,0,-,0.0
390,Alex Len,ATL,25,77,76,100%,320,648,49.4,55.1,68.5%,246,444,55.4,31.5%,74,204,36.3,77,74,63.7%,237,413,57.4,57.4,63.7%,237,413,57.4,0.0%,0,0,-,29.03225806451613
391,Alex Caruso,LAL,25,25,20,100%,72,163,44.2,51.2,71.8%,49,117,41.9,28.2%,23,46,50.0,25,18,54.0%,42,88,47.7,47.7,54.0%,42,88,47.7,0.0%,0,0,-,24.137931034482758
392,Alex Abrines,OKC,25,31,31,100%,56,157,35.7,48.7,19.1%,15,30,50.0,80.9%,41,127,32.3,31,14,12.7%,10,20,50.0,50.0,12.7%,10,20,50.0,0.0%,0,0,-,50.0
393,Alec Burks,SAC,27,64,59,100%,192,474,40.5,46.9,64.6%,131,306,42.8,35.4%,61,168,36.3,64,54,46.0%,107,218,49.1,49.1,46.0%,107,218,49.1,0.0%,0,0,-,27.27272727272727
394,Al-Farouq Aminu,POR,28,81,81,100%,255,588,43.4,51.5,52.7%,159,310,51.3,47.3%,96,278,34.5,81,77,45.7%,150,269,55.8,55.8,45.7%,150,269,55.8,0.0%,0,0,-,21.951219512195124
395,Al Horford,BOS,32,68,68,100%,387,723,53.5,58.6,71.9%,314,520,60.4,28.1%,73,203,36.0,68,67,43.8%,206,317,65.0,65.0,43.8%,206,317,65.0,0.0%,0,0,-,53.20197044334976
396,Abdel Nader,OKC,25,60,52,100%,90,213,42.3,49.5,53.5%,59,114,51.8,46.5%,31,99,31.3,60,44,49.3%,57,105,54.3,54.3,49.3%,57,105,54.3,0.0%,0,0,-,22.22222222222222
397,Aaron Holiday,IND,22,50,48,100%,105,262,40.1,48.3,51.5%,62,135,45.9,48.5%,43,127,33.9,50,29,25.2%,36,66,54.5,54.5,25.2%,36,66,54.5,0.0%,0,0,-,37.68115942028986
398,Aaron Gordon,ORL,23,76,76,100%,459,1021,45.0,50.7,66.8%,341,682,50.0,33.2%,118,339,34.8,76,76,44.8%,257,457,56.2,56.2,44.8%,257,457,56.2,0.0%,0,0,-,37.333333333333336
